participant_id,item_id,fsp_position,context,rating
P001,item01,FSP-S-V-O,match,6
P001,item01,FSP-S-V-O,mismatch,4
P001,item01,S-FSP-V-O,match,6
P001,item01,S-FSP-V-O,mismatch,4
P001,item01,S-V-FSP-O,match,5
P001,item01,S-V-FSP-O,mismatch,4
P001,item01,S-V-O-FSP,match,6
P001,item01,S-V-O-FSP,mismatch,4
P001,item02,FSP-S-V-O,match,6
P001,item02,FSP-S-V-O,mismatch,5
P001,item02,S-FSP-V-O,match,6
P001,item02,S-FSP-V-O,mismatch,4
P001,item02,S-V-FSP-O,match,5
P001,item02,S-V-FSP-O,mismatch,4
P001,item02,S-V-O-FSP,match,6
P001,item02,S-V-O-FSP,mismatch,4
P002,item03,FSP-S-V-O,match,6
P002,item03,FSP-S-V-O,mismatch,4
P002,item03,S-FSP-V-O,match,6
P002,item03,S-FSP-V-O,mismatch,4
P002,item03,S-V-FSP-O,match,5
P002,item03,S-V-FSP-O,mismatch,4
P002,item03,S-V-O-FSP,match,5
P002,item03,S-V-O-FSP,mismatch,4
P002,item04,FSP-S-V-O,match,5
P002,item04,FSP-S-V-O,mismatch,4
P002,item04,S-FSP-V-O,match,5
P002,item04,S-FSP-V-O,mismatch,2
P002,item04,S-V-FSP-O,match,4
P002,item04,S-V-FSP-O,mismatch,2
P002,item04,S-V-O-FSP,match,5
P002,item04,S-V-O-FSP,mismatch,3
P003,item05,FSP-S-V-O,match,6
P003,item05,FSP-S-V-O,mismatch,4
P003,item05,S-FSP-V-O,match,6
P003,item05,S-FSP-V-O,mismatch,4
P003,item05,S-V-FSP-O,match,6
P003,item05,S-V-FSP-O,mismatch,5
P003,item05,S-V-O-FSP,match,6
P003,item05,S-V-O-FSP,mismatch,5
P003,item06,FSP-S-V-O,match,7
P003,item06,FSP-S-V-O,mismatch,4
P003,item06,S-FSP-V-O,match,6
P003,item06,S-FSP-V-O,mismatch,4
P003,item06,S-V-FSP-O,match,6
P003,item06,S-V-FSP-O,mismatch,4
P003,item06,S-V-O-FSP,match,7
P003,item06,S-V-O-FSP,mismatch,5
P004,item07,FSP-S-V-O,match,6
P004,item07,FSP-S-V-O,mismatch,4
P004,item07,S-FSP-V-O,match,6
P004,item07,S-FSP-V-O,mismatch,4
P004,item07,S-V-FSP-O,match,5
P004,item07,S-V-FSP-O,mismatch,4
P004,item07,S-V-O-FSP,match,6
P004,item07,S-V-O-FSP,mismatch,4
P004,item08,FSP-S-V-O,match,5
P004,item08,FSP-S-V-O,mismatch,4
P004,item08,S-FSP-V-O,match,6
P004,item08,S-FSP-V-O,mismatch,4
P004,item08,S-V-FSP-O,match,5
P004,item08,S-V-FSP-O,mismatch,3
P004,item08,S-V-O-FSP,match,5
P004,item08,S-V-O-FSP,mismatch,4
P005,item09,FSP-S-V-O,match,6
P005,item09,FSP-S-V-O,mismatch,4
P005,item09,S-FSP-V-O,match,6
P005,item09,S-FSP-V-O,mismatch,4
P005,item09,S-V-FSP-O,match,6
P005,item09,S-V-FSP-O,mismatch,3
P005,item09,S-V-O-FSP,match,6
P005,item09,S-V-O-FSP,mismatch,5
P005,item10,FSP-S-V-O,match,7
P005,item10,FSP-S-V-O,mismatch,5
P005,item10,S-FSP-V-O,match,7
P005,item10,S-FSP-V-O,mismatch,5
P005,item10,S-V-FSP-O,match,6
P005,item10,S-V-FSP-O,mismatch,5
P005,item10,S-V-O-FSP,match,6
P005,item10,S-V-O-FSP,mismatch,5
P006,item11,FSP-S-V-O,match,6
P006,item11,FSP-S-V-O,mismatch,4
P006,item11,S-FSP-V-O,match,6
P006,item11,S-FSP-V-O,mismatch,5
P006,item11,S-V-FSP-O,match,6
P006,item11,S-V-FSP-O,mismatch,5
P006,item11,S-V-O-FSP,match,6
P006,item11,S-V-O-FSP,mismatch,5
P006,item12,FSP-S-V-O,match,6
P006,item12,FSP-S-V-O,mismatch,5
P006,item12,S-FSP-V-O,match,6
P006,item12,S-FSP-V-O,mismatch,5
P006,item12,S-V-FSP-O,match,6
P006,item12,S-V-FSP-O,mismatch,4
P006,item12,S-V-O-FSP,match,6
P006,item12,S-V-O-FSP,mismatch,5
P007,item13,FSP-S-V-O,match,6
P007,item13,FSP-S-V-O,mismatch,5
P007,item13,S-FSP-V-O,match,7
P007,item13,S-FSP-V-O,mismatch,5
P007,item13,S-V-FSP-O,match,7
P007,item13,S-V-FSP-O,mismatch,5
P007,item13,S-V-O-FSP,match,7
P007,item13,S-V-O-FSP,mismatch,5
P007,item14,FSP-S-V-O,match,6
P007,item14,FSP-S-V-O,mismatch,5
P007,item14,S-FSP-V-O,match,6
P007,item14,S-FSP-V-O,mismatch,4
P007,item14,S-V-FSP-O,match,6
P007,item14,S-V-FSP-O,mismatch,4
P007,item14,S-V-O-FSP,match,6
P007,item14,S-V-O-FSP,mismatch,5
P008,item15,FSP-S-V-O,match,6
P008,item15,FSP-S-V-O,mismatch,4
P008,item15,S-FSP-V-O,match,6
P008,item15,S-FSP-V-O,mismatch,4
P008,item15,S-V-FSP-O,match,5
P008,item15,S-V-FSP-O,mismatch,3
P008,item15,S-V-O-FSP,match,6
P008,item15,S-V-O-FSP,mismatch,4
P008,item16,FSP-S-V-O,match,5
P008,item16,FSP-S-V-O,mismatch,3
P008,item16,S-FSP-V-O,match,5
P008,item16,S-FSP-V-O,mismatch,4
P008,item16,S-V-FSP-O,match,5
P008,item16,S-V-FSP-O,mismatch,4
P008,item16,S-V-O-FSP,match,6
P008,item16,S-V-O-FSP,mismatch,3
P009,item01,FSP-S-V-O,match,5
P009,item01,FSP-S-V-O,mismatch,4
P009,item01,S-FSP-V-O,match,6
P009,item01,S-FSP-V-O,mismatch,4
P009,item01,S-V-FSP-O,match,5
P009,item01,S-V-FSP-O,mismatch,3
P009,item01,S-V-O-FSP,match,6
P009,item01,S-V-O-FSP,mismatch,3
P009,item02,FSP-S-V-O,match,6
P009,item02,FSP-S-V-O,mismatch,4
P009,item02,S-FSP-V-O,match,5
P009,item02,S-FSP-V-O,mismatch,4
P009,item02,S-V-FSP-O,match,5
P009,item02,S-V-FSP-O,mismatch,4
P009,item02,S-V-O-FSP,match,5
P009,item02,S-V-O-FSP,mismatch,4
P010,item03,FSP-S-V-O,match,6
P010,item03,FSP-S-V-O,mismatch,4
P010,item03,S-FSP-V-O,match,6
P010,item03,S-FSP-V-O,mismatch,5
P010,item03,S-V-FSP-O,match,6
P010,item03,S-V-FSP-O,mismatch,4
P010,item03,S-V-O-FSP,match,6
P010,item03,S-V-O-FSP,mismatch,4
P010,item04,FSP-S-V-O,match,6
P010,item04,FSP-S-V-O,mismatch,3
P010,item04,S-FSP-V-O,match,5
P010,item04,S-FSP-V-O,mismatch,4
P010,item04,S-V-FSP-O,match,5
P010,item04,S-V-FSP-O,mismatch,3
P010,item04,S-V-O-FSP,match,5
P010,item04,S-V-O-FSP,mismatch,4
P011,item05,FSP-S-V-O,match,5
P011,item05,FSP-S-V-O,mismatch,4
P011,item05,S-FSP-V-O,match,6
P011,item05,S-FSP-V-O,mismatch,4
P011,item05,S-V-FSP-O,match,6
P011,item05,S-V-FSP-O,mismatch,3
P011,item05,S-V-O-FSP,match,6
P011,item05,S-V-O-FSP,mismatch,5
P011,item06,FSP-S-V-O,match,7
P011,item06,FSP-S-V-O,mismatch,5
P011,item06,S-FSP-V-O,match,6
P011,item06,S-FSP-V-O,mismatch,4
P011,item06,S-V-FSP-O,match,6
P011,item06,S-V-FSP-O,mismatch,3
P011,item06,S-V-O-FSP,match,7
P011,item06,S-V-O-FSP,mismatch,5
P012,item07,FSP-S-V-O,match,6
P012,item07,FSP-S-V-O,mismatch,3
P012,item07,S-FSP-V-O,match,5
P012,item07,S-FSP-V-O,mismatch,3
P012,item07,S-V-FSP-O,match,6
P012,item07,S-V-FSP-O,mismatch,4
P012,item07,S-V-O-FSP,match,6
P012,item07,S-V-O-FSP,mismatch,4
P012,item08,FSP-S-V-O,match,6
P012,item08,FSP-S-V-O,mismatch,4
P012,item08,S-FSP-V-O,match,5
P012,item08,S-FSP-V-O,mismatch,4
P012,item08,S-V-FSP-O,match,4
P012,item08,S-V-FSP-O,mismatch,3
P012,item08,S-V-O-FSP,match,5
P012,item08,S-V-O-FSP,mismatch,3
P013,item09,FSP-S-V-O,match,6
P013,item09,FSP-S-V-O,mismatch,4
P013,item09,S-FSP-V-O,match,5
P013,item09,S-FSP-V-O,mismatch,4
P013,item09,S-V-FSP-O,match,6
P013,item09,S-V-FSP-O,mismatch,4
P013,item09,S-V-O-FSP,match,6
P013,item09,S-V-O-FSP,mismatch,4
P013,item10,FSP-S-V-O,match,7
P013,item10,FSP-S-V-O,mismatch,4
P013,item10,S-FSP-V-O,match,6
P013,item10,S-FSP-V-O,mismatch,5
P013,item10,S-V-FSP-O,match,7
P013,item10,S-V-FSP-O,mismatch,4
P013,item10,S-V-O-FSP,match,6
P013,item10,S-V-O-FSP,mismatch,4
P014,item11,FSP-S-V-O,match,6
P014,item11,FSP-S-V-O,mismatch,4
P014,item11,S-FSP-V-O,match,6
P014,item11,S-FSP-V-O,mismatch,4
P014,item11,S-V-FSP-O,match,6
P014,item11,S-V-FSP-O,mismatch,3
P014,item11,S-V-O-FSP,match,6
P014,item11,S-V-O-FSP,mismatch,4
P014,item12,FSP-S-V-O,match,6
P014,item12,FSP-S-V-O,mismatch,4
P014,item12,S-FSP-V-O,match,6
P014,item12,S-FSP-V-O,mismatch,4
P014,item12,S-V-FSP-O,match,5
P014,item12,S-V-FSP-O,mismatch,3
P014,item12,S-V-O-FSP,match,6
P014,item12,S-V-O-FSP,mismatch,4
P015,item13,FSP-S-V-O,match,6
P015,item13,FSP-S-V-O,mismatch,4
P015,item13,S-FSP-V-O,match,6
P015,item13,S-FSP-V-O,mismatch,4
P015,item13,S-V-FSP-O,match,6
P015,item13,S-V-FSP-O,mismatch,4
P015,item13,S-V-O-FSP,match,6
P015,item13,S-V-O-FSP,mismatch,4
P015,item14,FSP-S-V-O,match,5
P015,item14,FSP-S-V-O,mismatch,4
P015,item14,S-FSP-V-O,match,6
P015,item14,S-FSP-V-O,mismatch,3
P015,item14,S-V-FSP-O,match,5
P015,item14,S-V-FSP-O,mismatch,3
P015,item14,S-V-O-FSP,match,6
P015,item14,S-V-O-FSP,mismatch,4
P016,item15,FSP-S-V-O,match,6
P016,item15,FSP-S-V-O,mismatch,3
P016,item15,S-FSP-V-O,match,5
P016,item15,S-FSP-V-O,mismatch,4
P016,item15,S-V-FSP-O,match,6
P016,item15,S-V-FSP-O,mismatch,3
P016,item15,S-V-O-FSP,match,6
P016,item15,S-V-O-FSP,mismatch,3
P016,item16,FSP-S-V-O,match,6
P016,item16,FSP-S-V-O,mismatch,4
P016,item16,S-FSP-V-O,match,5
P016,item16,S-FSP-V-O,mismatch,4
P016,item16,S-V-FSP-O,match,6
P016,item16,S-V-FSP-O,mismatch,3
P016,item16,S-V-O-FSP,match,5
P016,item16,S-V-O-FSP,mismatch,3
P017,item01,FSP-S-V-O,match,6
P017,item01,FSP-S-V-O,mismatch,4
P017,item01,S-FSP-V-O,match,6
P017,item01,S-FSP-V-O,mismatch,4
P017,item01,S-V-FSP-O,match,6
P017,item01,S-V-FSP-O,mismatch,4
P017,item01,S-V-O-FSP,match,6
P017,item01,S-V-O-FSP,mismatch,5
P017,item02,FSP-S-V-O,match,7
P017,item02,FSP-S-V-O,mismatch,5
P017,item02,S-FSP-V-O,match,6
P017,item02,S-FSP-V-O,mismatch,6
P017,item02,S-V-FSP-O,match,7
P017,item02,S-V-FSP-O,mismatch,4
P017,item02,S-V-O-FSP,match,6
P017,item02,S-V-O-FSP,mismatch,5
P018,item03,FSP-S-V-O,match,5
P018,item03,FSP-S-V-O,mismatch,4
P018,item03,S-FSP-V-O,match,5
P018,item03,S-FSP-V-O,mismatch,4
P018,item03,S-V-FSP-O,match,6
P018,item03,S-V-FSP-O,mismatch,3
P018,item03,S-V-O-FSP,match,6
P018,item03,S-V-O-FSP,mismatch,4
P018,item04,FSP-S-V-O,match,5
P018,item04,FSP-S-V-O,mismatch,3
P018,item04,S-FSP-V-O,match,5
P018,item04,S-FSP-V-O,mismatch,4
P018,item04,S-V-FSP-O,match,4
P018,item04,S-V-FSP-O,mismatch,3
P018,item04,S-V-O-FSP,match,5
P018,item04,S-V-O-FSP,mismatch,3
P019,item05,FSP-S-V-O,match,6
P019,item05,FSP-S-V-O,mismatch,4
P019,item05,S-FSP-V-O,match,5
P019,item05,S-FSP-V-O,mismatch,3
P019,item05,S-V-FSP-O,match,7
P019,item05,S-V-FSP-O,mismatch,4
P019,item05,S-V-O-FSP,match,6
P019,item05,S-V-O-FSP,mismatch,4
P019,item06,FSP-S-V-O,match,6
P019,item06,FSP-S-V-O,mismatch,4
P019,item06,S-FSP-V-O,match,6
P019,item06,S-FSP-V-O,mismatch,4
P019,item06,S-V-FSP-O,match,6
P019,item06,S-V-FSP-O,mismatch,4
P019,item06,S-V-O-FSP,match,6
P019,item06,S-V-O-FSP,mismatch,5
P020,item07,FSP-S-V-O,match,7
P020,item07,FSP-S-V-O,mismatch,5
P020,item07,S-FSP-V-O,match,6
P020,item07,S-FSP-V-O,mismatch,4
P020,item07,S-V-FSP-O,match,7
P020,item07,S-V-FSP-O,mismatch,4
P020,item07,S-V-O-FSP,match,7
P020,item07,S-V-O-FSP,mismatch,5
P020,item08,FSP-S-V-O,match,6
P020,item08,FSP-S-V-O,mismatch,4
P020,item08,S-FSP-V-O,match,6
P020,item08,S-FSP-V-O,mismatch,5
P020,item08,S-V-FSP-O,match,6
P020,item08,S-V-FSP-O,mismatch,3
P020,item08,S-V-O-FSP,match,5
P020,item08,S-V-O-FSP,mismatch,5
P021,item09,FSP-S-V-O,match,6
P021,item09,FSP-S-V-O,mismatch,3
P021,item09,S-FSP-V-O,match,5
P021,item09,S-FSP-V-O,mismatch,4
P021,item09,S-V-FSP-O,match,5
P021,item09,S-V-FSP-O,mismatch,2
P021,item09,S-V-O-FSP,match,5
P021,item09,S-V-O-FSP,mismatch,3
P021,item10,FSP-S-V-O,match,6
P021,item10,FSP-S-V-O,mismatch,4
P021,item10,S-FSP-V-O,match,5
P021,item10,S-FSP-V-O,mismatch,4
P021,item10,S-V-FSP-O,match,6
P021,item10,S-V-FSP-O,mismatch,4
P021,item10,S-V-O-FSP,match,5
P021,item10,S-V-O-FSP,mismatch,4
P022,item11,FSP-S-V-O,match,6
P022,item11,FSP-S-V-O,mismatch,5
P022,item11,S-FSP-V-O,match,7
P022,item11,S-FSP-V-O,mismatch,3
P022,item11,S-V-FSP-O,match,6
P022,item11,S-V-FSP-O,mismatch,4
P022,item11,S-V-O-FSP,match,7
P022,item11,S-V-O-FSP,mismatch,5
P022,item12,FSP-S-V-O,match,6
P022,item12,FSP-S-V-O,mismatch,5
P022,item12,S-FSP-V-O,match,7
P022,item12,S-FSP-V-O,mismatch,5
P022,item12,S-V-FSP-O,match,6
P022,item12,S-V-FSP-O,mismatch,4
P022,item12,S-V-O-FSP,match,7
P022,item12,S-V-O-FSP,mismatch,5
P023,item13,FSP-S-V-O,match,6
P023,item13,FSP-S-V-O,mismatch,5
P023,item13,S-FSP-V-O,match,5
P023,item13,S-FSP-V-O,mismatch,5
P023,item13,S-V-FSP-O,match,5
P023,item13,S-V-FSP-O,mismatch,3
P023,item13,S-V-O-FSP,match,6
P023,item13,S-V-O-FSP,mismatch,3
P023,item14,FSP-S-V-O,match,5
P023,item14,FSP-S-V-O,mismatch,3
P023,item14,S-FSP-V-O,match,5
P023,item14,S-FSP-V-O,mismatch,3
P023,item14,S-V-FSP-O,match,5
P023,item14,S-V-FSP-O,mismatch,3
P023,item14,S-V-O-FSP,match,5
P023,item14,S-V-O-FSP,mismatch,4
P024,item15,FSP-S-V-O,match,7
P024,item15,FSP-S-V-O,mismatch,5
P024,item15,S-FSP-V-O,match,6
P024,item15,S-FSP-V-O,mismatch,5
P024,item15,S-V-FSP-O,match,7
P024,item15,S-V-FSP-O,mismatch,5
P024,item15,S-V-O-FSP,match,6
P024,item15,S-V-O-FSP,mismatch,5
P024,item16,FSP-S-V-O,match,7
P024,item16,FSP-S-V-O,mismatch,4
P024,item16,S-FSP-V-O,match,7
P024,item16,S-FSP-V-O,mismatch,5
P024,item16,S-V-FSP-O,match,7
P024,item16,S-V-FSP-O,mismatch,4
P024,item16,S-V-O-FSP,match,7
P024,item16,S-V-O-FSP,mismatch,5
P025,item01,FSP-S-V-O,match,6
P025,item01,FSP-S-V-O,mismatch,3
P025,item01,S-FSP-V-O,match,5
P025,item01,S-FSP-V-O,mismatch,3
P025,item01,S-V-FSP-O,match,5
P025,item01,S-V-FSP-O,mismatch,2
P025,item01,S-V-O-FSP,match,5
P025,item01,S-V-O-FSP,mismatch,3
P025,item02,FSP-S-V-O,match,5
P025,item02,FSP-S-V-O,mismatch,3
P025,item02,S-FSP-V-O,match,6
P025,item02,S-FSP-V-O,mismatch,3
P025,item02,S-V-FSP-O,match,5
P025,item02,S-V-FSP-O,mismatch,3
P025,item02,S-V-O-FSP,match,5
P025,item02,S-V-O-FSP,mismatch,3
P026,item03,FSP-S-V-O,match,7
P026,item03,FSP-S-V-O,mismatch,4
P026,item03,S-FSP-V-O,match,6
P026,item03,S-FSP-V-O,mismatch,4
P026,item03,S-V-FSP-O,match,5
P026,item03,S-V-FSP-O,mismatch,3
P026,item03,S-V-O-FSP,match,6
P026,item03,S-V-O-FSP,mismatch,4
P026,item04,FSP-S-V-O,match,6
P026,item04,FSP-S-V-O,mismatch,4
P026,item04,S-FSP-V-O,match,5
P026,item04,S-FSP-V-O,mismatch,4
P026,item04,S-V-FSP-O,match,6
P026,item04,S-V-FSP-O,mismatch,3
P026,item04,S-V-O-FSP,match,5
P026,item04,S-V-O-FSP,mismatch,4
P027,item05,FSP-S-V-O,match,5
P027,item05,FSP-S-V-O,mismatch,4
P027,item05,S-FSP-V-O,match,5
P027,item05,S-FSP-V-O,mismatch,3
P027,item05,S-V-FSP-O,match,5
P027,item05,S-V-FSP-O,mismatch,4
P027,item05,S-V-O-FSP,match,5
P027,item05,S-V-O-FSP,mismatch,3
P027,item06,FSP-S-V-O,match,5
P027,item06,FSP-S-V-O,mismatch,4
P027,item06,S-FSP-V-O,match,6
P027,item06,S-FSP-V-O,mismatch,3
P027,item06,S-V-FSP-O,match,5
P027,item06,S-V-FSP-O,mismatch,3
P027,item06,S-V-O-FSP,match,6
P027,item06,S-V-O-FSP,mismatch,3
P028,item07,FSP-S-V-O,match,6
P028,item07,FSP-S-V-O,mismatch,4
P028,item07,S-FSP-V-O,match,7
P028,item07,S-FSP-V-O,mismatch,4
P028,item07,S-V-FSP-O,match,6
P028,item07,S-V-FSP-O,mismatch,5
P028,item07,S-V-O-FSP,match,6
P028,item07,S-V-O-FSP,mismatch,5
P028,item08,FSP-S-V-O,match,6
P028,item08,FSP-S-V-O,mismatch,5
P028,item08,S-FSP-V-O,match,5
P028,item08,S-FSP-V-O,mismatch,3
P028,item08,S-V-FSP-O,match,5
P028,item08,S-V-FSP-O,mismatch,3
P028,item08,S-V-O-FSP,match,5
P028,item08,S-V-O-FSP,mismatch,4
P029,item09,FSP-S-V-O,match,7
P029,item09,FSP-S-V-O,mismatch,4
P029,item09,S-FSP-V-O,match,6
P029,item09,S-FSP-V-O,mismatch,4
P029,item09,S-V-FSP-O,match,5
P029,item09,S-V-FSP-O,mismatch,4
P029,item09,S-V-O-FSP,match,6
P029,item09,S-V-O-FSP,mismatch,4
P029,item10,FSP-S-V-O,match,6
P029,item10,FSP-S-V-O,mismatch,5
P029,item10,S-FSP-V-O,match,7
P029,item10,S-FSP-V-O,mismatch,4
P029,item10,S-V-FSP-O,match,6
P029,item10,S-V-FSP-O,mismatch,4
P029,item10,S-V-O-FSP,match,6
P029,item10,S-V-O-FSP,mismatch,4
P030,item11,FSP-S-V-O,match,5
P030,item11,FSP-S-V-O,mismatch,4
P030,item11,S-FSP-V-O,match,6
P030,item11,S-FSP-V-O,mismatch,4
P030,item11,S-V-FSP-O,match,6
P030,item11,S-V-FSP-O,mismatch,4
P030,item11,S-V-O-FSP,match,6
P030,item11,S-V-O-FSP,mismatch,3
P030,item12,FSP-S-V-O,match,6
P030,item12,FSP-S-V-O,mismatch,4
P030,item12,S-FSP-V-O,match,6
P030,item12,S-FSP-V-O,mismatch,4
P030,item12,S-V-FSP-O,match,5
P030,item12,S-V-FSP-O,mismatch,4
P030,item12,S-V-O-FSP,match,6
P030,item12,S-V-O-FSP,mismatch,4
P031,item13,FSP-S-V-O,match,7
P031,item13,FSP-S-V-O,mismatch,5
P031,item13,S-FSP-V-O,match,7
P031,item13,S-FSP-V-O,mismatch,5
P031,item13,S-V-FSP-O,match,7
P031,item13,S-V-FSP-O,mismatch,5
P031,item13,S-V-O-FSP,match,7
P031,item13,S-V-O-FSP,mismatch,5
P031,item14,FSP-S-V-O,match,6
P031,item14,FSP-S-V-O,mismatch,5
P031,item14,S-FSP-V-O,match,6
P031,item14,S-FSP-V-O,mismatch,5
P031,item14,S-V-FSP-O,match,6
P031,item14,S-V-FSP-O,mismatch,4
P031,item14,S-V-O-FSP,match,7
P031,item14,S-V-O-FSP,mismatch,4
P032,item15,FSP-S-V-O,match,5
P032,item15,FSP-S-V-O,mismatch,4
P032,item15,S-FSP-V-O,match,6
P032,item15,S-FSP-V-O,mismatch,4
P032,item15,S-V-FSP-O,match,5
P032,item15,S-V-FSP-O,mismatch,4
P032,item15,S-V-O-FSP,match,5
P032,item15,S-V-O-FSP,mismatch,3
P032,item16,FSP-S-V-O,match,5
P032,item16,FSP-S-V-O,mismatch,3
P032,item16,S-FSP-V-O,match,5
P032,item16,S-FSP-V-O,mismatch,3
P032,item16,S-V-FSP-O,match,5
P032,item16,S-V-FSP-O,mismatch,3
P032,item16,S-V-O-FSP,match,5
P032,item16,S-V-O-FSP,mismatch,3
P033,item01,FSP-S-V-O,match,6
P033,item01,FSP-S-V-O,mismatch,4
P033,item01,S-FSP-V-O,match,6
P033,item01,S-FSP-V-O,mismatch,4
P033,item01,S-V-FSP-O,match,6
P033,item01,S-V-FSP-O,mismatch,3
P033,item01,S-V-O-FSP,match,6
P033,item01,S-V-O-FSP,mismatch,3
P033,item02,FSP-S-V-O,match,6
P033,item02,FSP-S-V-O,mismatch,3
P033,item02,S-FSP-V-O,match,5
P033,item02,S-FSP-V-O,mismatch,4
P033,item02,S-V-FSP-O,match,6
P033,item02,S-V-FSP-O,mismatch,3
P033,item02,S-V-O-FSP,match,6
P033,item02,S-V-O-FSP,mismatch,4
P034,item03,FSP-S-V-O,match,6
P034,item03,FSP-S-V-O,mismatch,5
P034,item03,S-FSP-V-O,match,6
P034,item03,S-FSP-V-O,mismatch,4
P034,item03,S-V-FSP-O,match,5
P034,item03,S-V-FSP-O,mismatch,4
P034,item03,S-V-O-FSP,match,6
P034,item03,S-V-O-FSP,mismatch,4
P034,item04,FSP-S-V-O,match,5
P034,item04,FSP-S-V-O,mismatch,3
P034,item04,S-FSP-V-O,match,5
P034,item04,S-FSP-V-O,mismatch,3
P034,item04,S-V-FSP-O,match,5
P034,item04,S-V-FSP-O,mismatch,3
P034,item04,S-V-O-FSP,match,5
P034,item04,S-V-O-FSP,mismatch,3
P035,item05,FSP-S-V-O,match,7
P035,item05,FSP-S-V-O,mismatch,4
P035,item05,S-FSP-V-O,match,6
P035,item05,S-FSP-V-O,mismatch,4
P035,item05,S-V-FSP-O,match,6
P035,item05,S-V-FSP-O,mismatch,4
P035,item05,S-V-O-FSP,match,6
P035,item05,S-V-O-FSP,mismatch,5
P035,item06,FSP-S-V-O,match,6
P035,item06,FSP-S-V-O,mismatch,4
P035,item06,S-FSP-V-O,match,6
P035,item06,S-FSP-V-O,mismatch,4
P035,item06,S-V-FSP-O,match,7
P035,item06,S-V-FSP-O,mismatch,4
P035,item06,S-V-O-FSP,match,6
P035,item06,S-V-O-FSP,mismatch,5
P036,item07,FSP-S-V-O,match,7
P036,item07,FSP-S-V-O,mismatch,4
P036,item07,S-FSP-V-O,match,6
P036,item07,S-FSP-V-O,mismatch,4
P036,item07,S-V-FSP-O,match,5
P036,item07,S-V-FSP-O,mismatch,4
P036,item07,S-V-O-FSP,match,5
P036,item07,S-V-O-FSP,mismatch,4
P036,item08,FSP-S-V-O,match,6
P036,item08,FSP-S-V-O,mismatch,3
P036,item08,S-FSP-V-O,match,5
P036,item08,S-FSP-V-O,mismatch,3
P036,item08,S-V-FSP-O,match,5
P036,item08,S-V-FSP-O,mismatch,3
P036,item08,S-V-O-FSP,match,5
P036,item08,S-V-O-FSP,mismatch,3
P037,item09,FSP-S-V-O,match,6
P037,item09,FSP-S-V-O,mismatch,5
P037,item09,S-FSP-V-O,match,6
P037,item09,S-FSP-V-O,mismatch,4
P037,item09,S-V-FSP-O,match,6
P037,item09,S-V-FSP-O,mismatch,4
P037,item09,S-V-O-FSP,match,6
P037,item09,S-V-O-FSP,mismatch,5
P037,item10,FSP-S-V-O,match,7
P037,item10,FSP-S-V-O,mismatch,5
P037,item10,S-FSP-V-O,match,6
P037,item10,S-FSP-V-O,mismatch,4
P037,item10,S-V-FSP-O,match,6
P037,item10,S-V-FSP-O,mismatch,4
P037,item10,S-V-O-FSP,match,7
P037,item10,S-V-O-FSP,mismatch,5
P038,item11,FSP-S-V-O,match,6
P038,item11,FSP-S-V-O,mismatch,5
P038,item11,S-FSP-V-O,match,5
P038,item11,S-FSP-V-O,mismatch,4
P038,item11,S-V-FSP-O,match,5
P038,item11,S-V-FSP-O,mismatch,3
P038,item11,S-V-O-FSP,match,5
P038,item11,S-V-O-FSP,mismatch,4
P038,item12,FSP-S-V-O,match,6
P038,item12,FSP-S-V-O,mismatch,4
P038,item12,S-FSP-V-O,match,6
P038,item12,S-FSP-V-O,mismatch,4
P038,item12,S-V-FSP-O,match,6
P038,item12,S-V-FSP-O,mismatch,4
P038,item12,S-V-O-FSP,match,6
P038,item12,S-V-O-FSP,mismatch,5
P039,item13,FSP-S-V-O,match,7
P039,item13,FSP-S-V-O,mismatch,4
P039,item13,S-FSP-V-O,match,6
P039,item13,S-FSP-V-O,mismatch,5
P039,item13,S-V-FSP-O,match,6
P039,item13,S-V-FSP-O,mismatch,4
P039,item13,S-V-O-FSP,match,7
P039,item13,S-V-O-FSP,mismatch,4
P039,item14,FSP-S-V-O,match,5
P039,item14,FSP-S-V-O,mismatch,4
P039,item14,S-FSP-V-O,match,5
P039,item14,S-FSP-V-O,mismatch,3
P039,item14,S-V-FSP-O,match,6
P039,item14,S-V-FSP-O,mismatch,3
P039,item14,S-V-O-FSP,match,6
P039,item14,S-V-O-FSP,mismatch,4
P040,item15,FSP-S-V-O,match,6
P040,item15,FSP-S-V-O,mismatch,4
P040,item15,S-FSP-V-O,match,6
P040,item15,S-FSP-V-O,mismatch,4
P040,item15,S-V-FSP-O,match,6
P040,item15,S-V-FSP-O,mismatch,4
P040,item15,S-V-O-FSP,match,6
P040,item15,S-V-O-FSP,mismatch,4
P040,item16,FSP-S-V-O,match,5
P040,item16,FSP-S-V-O,mismatch,4
P040,item16,S-FSP-V-O,match,6
P040,item16,S-FSP-V-O,mismatch,4
P040,item16,S-V-FSP-O,match,6
P040,item16,S-V-FSP-O,mismatch,4
P040,item16,S-V-O-FSP,match,6
P040,item16,S-V-O-FSP,mismatch,4
P041,item01,FSP-S-V-O,match,6
P041,item01,FSP-S-V-O,mismatch,4
P041,item01,S-FSP-V-O,match,7
P041,item01,S-FSP-V-O,mismatch,4
P041,item01,S-V-FSP-O,match,5
P041,item01,S-V-FSP-O,mismatch,3
P041,item01,S-V-O-FSP,match,5
P041,item01,S-V-O-FSP,mismatch,4
P041,item02,FSP-S-V-O,match,5
P041,item02,FSP-S-V-O,mismatch,4
P041,item02,S-FSP-V-O,match,6
P041,item02,S-FSP-V-O,mismatch,4
P041,item02,S-V-FSP-O,match,5
P041,item02,S-V-FSP-O,mismatch,4
P041,item02,S-V-O-FSP,match,6
P041,item02,S-V-O-FSP,mismatch,4
P042,item03,FSP-S-V-O,match,6
P042,item03,FSP-S-V-O,mismatch,4
P042,item03,S-FSP-V-O,match,6
P042,item03,S-FSP-V-O,mismatch,4
P042,item03,S-V-FSP-O,match,6
P042,item03,S-V-FSP-O,mismatch,3
P042,item03,S-V-O-FSP,match,6
P042,item03,S-V-O-FSP,mismatch,3
P042,item04,FSP-S-V-O,match,6
P042,item04,FSP-S-V-O,mismatch,3
P042,item04,S-FSP-V-O,match,5
P042,item04,S-FSP-V-O,mismatch,4
P042,item04,S-V-FSP-O,match,5
P042,item04,S-V-FSP-O,mismatch,3
P042,item04,S-V-O-FSP,match,5
P042,item04,S-V-O-FSP,mismatch,4
P043,item05,FSP-S-V-O,match,5
P043,item05,FSP-S-V-O,mismatch,4
P043,item05,S-FSP-V-O,match,5
P043,item05,S-FSP-V-O,mismatch,4
P043,item05,S-V-FSP-O,match,5
P043,item05,S-V-FSP-O,mismatch,4
P043,item05,S-V-O-FSP,match,5
P043,item05,S-V-O-FSP,mismatch,4
P043,item06,FSP-S-V-O,match,6
P043,item06,FSP-S-V-O,mismatch,4
P043,item06,S-FSP-V-O,match,5
P043,item06,S-FSP-V-O,mismatch,4
P043,item06,S-V-FSP-O,match,6
P043,item06,S-V-FSP-O,mismatch,4
P043,item06,S-V-O-FSP,match,6
P043,item06,S-V-O-FSP,mismatch,4
P044,item07,FSP-S-V-O,match,6
P044,item07,FSP-S-V-O,mismatch,5
P044,item07,S-FSP-V-O,match,7
P044,item07,S-FSP-V-O,mismatch,3
P044,item07,S-V-FSP-O,match,6
P044,item07,S-V-FSP-O,mismatch,3
P044,item07,S-V-O-FSP,match,6
P044,item07,S-V-O-FSP,mismatch,4
P044,item08,FSP-S-V-O,match,6
P044,item08,FSP-S-V-O,mismatch,3
P044,item08,S-FSP-V-O,match,5
P044,item08,S-FSP-V-O,mismatch,4
P044,item08,S-V-FSP-O,match,4
P044,item08,S-V-FSP-O,mismatch,3
P044,item08,S-V-O-FSP,match,5
P044,item08,S-V-O-FSP,mismatch,4
P045,item09,FSP-S-V-O,match,5
P045,item09,FSP-S-V-O,mismatch,4
P045,item09,S-FSP-V-O,match,5
P045,item09,S-FSP-V-O,mismatch,3
P045,item09,S-V-FSP-O,match,5
P045,item09,S-V-FSP-O,mismatch,3
P045,item09,S-V-O-FSP,match,5
P045,item09,S-V-O-FSP,mismatch,4
P045,item10,FSP-S-V-O,match,6
P045,item10,FSP-S-V-O,mismatch,4
P045,item10,S-FSP-V-O,match,6
P045,item10,S-FSP-V-O,mismatch,3
P045,item10,S-V-FSP-O,match,6
P045,item10,S-V-FSP-O,mismatch,3
P045,item10,S-V-O-FSP,match,6
P045,item10,S-V-O-FSP,mismatch,4
P046,item11,FSP-S-V-O,match,6
P046,item11,FSP-S-V-O,mismatch,4
P046,item11,S-FSP-V-O,match,7
P046,item11,S-FSP-V-O,mismatch,5
P046,item11,S-V-FSP-O,match,6
P046,item11,S-V-FSP-O,mismatch,4
P046,item11,S-V-O-FSP,match,6
P046,item11,S-V-O-FSP,mismatch,5
P046,item12,FSP-S-V-O,match,6
P046,item12,FSP-S-V-O,mismatch,4
P046,item12,S-FSP-V-O,match,6
P046,item12,S-FSP-V-O,mismatch,4
P046,item12,S-V-FSP-O,match,6
P046,item12,S-V-FSP-O,mismatch,4
P046,item12,S-V-O-FSP,match,6
P046,item12,S-V-O-FSP,mismatch,5
P047,item13,FSP-S-V-O,match,7
P047,item13,FSP-S-V-O,mismatch,6
P047,item13,S-FSP-V-O,match,6
P047,item13,S-FSP-V-O,mismatch,5
P047,item13,S-V-FSP-O,match,6
P047,item13,S-V-FSP-O,mismatch,4
P047,item13,S-V-O-FSP,match,7
P047,item13,S-V-O-FSP,mismatch,5
P047,item14,FSP-S-V-O,match,7
P047,item14,FSP-S-V-O,mismatch,5
P047,item14,S-FSP-V-O,match,6
P047,item14,S-FSP-V-O,mismatch,5
P047,item14,S-V-FSP-O,match,5
P047,item14,S-V-FSP-O,mismatch,5
P047,item14,S-V-O-FSP,match,6
P047,item14,S-V-O-FSP,mismatch,5
P048,item15,FSP-S-V-O,match,6
P048,item15,FSP-S-V-O,mismatch,4
P048,item15,S-FSP-V-O,match,6
P048,item15,S-FSP-V-O,mismatch,4
P048,item15,S-V-FSP-O,match,6
P048,item15,S-V-FSP-O,mismatch,4
P048,item15,S-V-O-FSP,match,6
P048,item15,S-V-O-FSP,mismatch,5
P048,item16,FSP-S-V-O,match,6
P048,item16,FSP-S-V-O,mismatch,5
P048,item16,S-FSP-V-O,match,6
P048,item16,S-FSP-V-O,mismatch,4
P048,item16,S-V-FSP-O,match,6
P048,item16,S-V-FSP-O,mismatch,3
P048,item16,S-V-O-FSP,match,6
P048,item16,S-V-O-FSP,mismatch,5
P049,item01,FSP-S-V-O,match,7
P049,item01,FSP-S-V-O,mismatch,4
P049,item01,S-FSP-V-O,match,7
P049,item01,S-FSP-V-O,mismatch,5
P049,item01,S-V-FSP-O,match,6
P049,item01,S-V-FSP-O,mismatch,4
P049,item01,S-V-O-FSP,match,6
P049,item01,S-V-O-FSP,mismatch,4
P049,item02,FSP-S-V-O,match,7
P049,item02,FSP-S-V-O,mismatch,4
P049,item02,S-FSP-V-O,match,6
P049,item02,S-FSP-V-O,mismatch,5
P049,item02,S-V-FSP-O,match,6
P049,item02,S-V-FSP-O,mismatch,4
P049,item02,S-V-O-FSP,match,6
P049,item02,S-V-O-FSP,mismatch,4
P050,item03,FSP-S-V-O,match,6
P050,item03,FSP-S-V-O,mismatch,4
P050,item03,S-FSP-V-O,match,6
P050,item03,S-FSP-V-O,mismatch,4
P050,item03,S-V-FSP-O,match,6
P050,item03,S-V-FSP-O,mismatch,4
P050,item03,S-V-O-FSP,match,6
P050,item03,S-V-O-FSP,mismatch,4
P050,item04,FSP-S-V-O,match,6
P050,item04,FSP-S-V-O,mismatch,4
P050,item04,S-FSP-V-O,match,5
P050,item04,S-FSP-V-O,mismatch,3
P050,item04,S-V-FSP-O,match,5
P050,item04,S-V-FSP-O,mismatch,4
P050,item04,S-V-O-FSP,match,5
P050,item04,S-V-O-FSP,mismatch,4
P051,item05,FSP-S-V-O,match,6
P051,item05,FSP-S-V-O,mismatch,4
P051,item05,S-FSP-V-O,match,5
P051,item05,S-FSP-V-O,mismatch,3
P051,item05,S-V-FSP-O,match,5
P051,item05,S-V-FSP-O,mismatch,3
P051,item05,S-V-O-FSP,match,6
P051,item05,S-V-O-FSP,mismatch,4
P051,item06,FSP-S-V-O,match,6
P051,item06,FSP-S-V-O,mismatch,3
P051,item06,S-FSP-V-O,match,6
P051,item06,S-FSP-V-O,mismatch,3
P051,item06,S-V-FSP-O,match,5
P051,item06,S-V-FSP-O,mismatch,4
P051,item06,S-V-O-FSP,match,5
P051,item06,S-V-O-FSP,mismatch,4
P052,item07,FSP-S-V-O,match,7
P052,item07,FSP-S-V-O,mismatch,4
P052,item07,S-FSP-V-O,match,7
P052,item07,S-FSP-V-O,mismatch,5
P052,item07,S-V-FSP-O,match,6
P052,item07,S-V-FSP-O,mismatch,4
P052,item07,S-V-O-FSP,match,7
P052,item07,S-V-O-FSP,mismatch,5
P052,item08,FSP-S-V-O,match,6
P052,item08,FSP-S-V-O,mismatch,5
P052,item08,S-FSP-V-O,match,5
P052,item08,S-FSP-V-O,mismatch,4
P052,item08,S-V-FSP-O,match,5
P052,item08,S-V-FSP-O,mismatch,3
P052,item08,S-V-O-FSP,match,6
P052,item08,S-V-O-FSP,mismatch,4
P053,item09,FSP-S-V-O,match,6
P053,item09,FSP-S-V-O,mismatch,4
P053,item09,S-FSP-V-O,match,6
P053,item09,S-FSP-V-O,mismatch,4
P053,item09,S-V-FSP-O,match,6
P053,item09,S-V-FSP-O,mismatch,4
P053,item09,S-V-O-FSP,match,6
P053,item09,S-V-O-FSP,mismatch,4
P053,item10,FSP-S-V-O,match,6
P053,item10,FSP-S-V-O,mismatch,5
P053,item10,S-FSP-V-O,match,6
P053,item10,S-FSP-V-O,mismatch,4
P053,item10,S-V-FSP-O,match,6
P053,item10,S-V-FSP-O,mismatch,4
P053,item10,S-V-O-FSP,match,7
P053,item10,S-V-O-FSP,mismatch,4
P054,item11,FSP-S-V-O,match,7
P054,item11,FSP-S-V-O,mismatch,4
P054,item11,S-FSP-V-O,match,7
P054,item11,S-FSP-V-O,mismatch,4
P054,item11,S-V-FSP-O,match,6
P054,item11,S-V-FSP-O,mismatch,4
P054,item11,S-V-O-FSP,match,6
P054,item11,S-V-O-FSP,mismatch,4
P054,item12,FSP-S-V-O,match,6
P054,item12,FSP-S-V-O,mismatch,5
P054,item12,S-FSP-V-O,match,7
P054,item12,S-FSP-V-O,mismatch,4
P054,item12,S-V-FSP-O,match,7
P054,item12,S-V-FSP-O,mismatch,5
P054,item12,S-V-O-FSP,match,7
P054,item12,S-V-O-FSP,mismatch,5
P055,item13,FSP-S-V-O,match,6
P055,item13,FSP-S-V-O,mismatch,6
P055,item13,S-FSP-V-O,match,6
P055,item13,S-FSP-V-O,mismatch,5
P055,item13,S-V-FSP-O,match,7
P055,item13,S-V-FSP-O,mismatch,5
P055,item13,S-V-O-FSP,match,6
P055,item13,S-V-O-FSP,mismatch,5
P055,item14,FSP-S-V-O,match,6
P055,item14,FSP-S-V-O,mismatch,5
P055,item14,S-FSP-V-O,match,7
P055,item14,S-FSP-V-O,mismatch,4
P055,item14,S-V-FSP-O,match,5
P055,item14,S-V-FSP-O,mismatch,4
P055,item14,S-V-O-FSP,match,6
P055,item14,S-V-O-FSP,mismatch,5
P056,item15,FSP-S-V-O,match,6
P056,item15,FSP-S-V-O,mismatch,5
P056,item15,S-FSP-V-O,match,6
P056,item15,S-FSP-V-O,mismatch,4
P056,item15,S-V-FSP-O,match,6
P056,item15,S-V-FSP-O,mismatch,4
P056,item15,S-V-O-FSP,match,6
P056,item15,S-V-O-FSP,mismatch,5
P056,item16,FSP-S-V-O,match,6
P056,item16,FSP-S-V-O,mismatch,4
P056,item16,S-FSP-V-O,match,6
P056,item16,S-FSP-V-O,mismatch,5
P056,item16,S-V-FSP-O,match,6
P056,item16,S-V-FSP-O,mismatch,3
P056,item16,S-V-O-FSP,match,7
P056,item16,S-V-O-FSP,mismatch,4
P057,item01,FSP-S-V-O,match,6
P057,item01,FSP-S-V-O,mismatch,5
P057,item01,S-FSP-V-O,match,6
P057,item01,S-FSP-V-O,mismatch,5
P057,item01,S-V-FSP-O,match,6
P057,item01,S-V-FSP-O,mismatch,5
P057,item01,S-V-O-FSP,match,6
P057,item01,S-V-O-FSP,mismatch,3
P057,item02,FSP-S-V-O,match,5
P057,item02,FSP-S-V-O,mismatch,4
P057,item02,S-FSP-V-O,match,5
P057,item02,S-FSP-V-O,mismatch,4
P057,item02,S-V-FSP-O,match,5
P057,item02,S-V-FSP-O,mismatch,4
P057,item02,S-V-O-FSP,match,6
P057,item02,S-V-O-FSP,mismatch,4
P058,item03,FSP-S-V-O,match,5
P058,item03,FSP-S-V-O,mismatch,4
P058,item03,S-FSP-V-O,match,5
P058,item03,S-FSP-V-O,mismatch,4
P058,item03,S-V-FSP-O,match,5
P058,item03,S-V-FSP-O,mismatch,4
P058,item03,S-V-O-FSP,match,6
P058,item03,S-V-O-FSP,mismatch,4
P058,item04,FSP-S-V-O,match,4
P058,item04,FSP-S-V-O,mismatch,3
P058,item04,S-FSP-V-O,match,5
P058,item04,S-FSP-V-O,mismatch,3
P058,item04,S-V-FSP-O,match,5
P058,item04,S-V-FSP-O,mismatch,3
P058,item04,S-V-O-FSP,match,4
P058,item04,S-V-O-FSP,mismatch,3
P059,item05,FSP-S-V-O,match,6
P059,item05,FSP-S-V-O,mismatch,4
P059,item05,S-FSP-V-O,match,6
P059,item05,S-FSP-V-O,mismatch,3
P059,item05,S-V-FSP-O,match,5
P059,item05,S-V-FSP-O,mismatch,4
P059,item05,S-V-O-FSP,match,6
P059,item05,S-V-O-FSP,mismatch,4
P059,item06,FSP-S-V-O,match,6
P059,item06,FSP-S-V-O,mismatch,4
P059,item06,S-FSP-V-O,match,6
P059,item06,S-FSP-V-O,mismatch,4
P059,item06,S-V-FSP-O,match,6
P059,item06,S-V-FSP-O,mismatch,4
P059,item06,S-V-O-FSP,match,6
P059,item06,S-V-O-FSP,mismatch,4
P060,item07,FSP-S-V-O,match,5
P060,item07,FSP-S-V-O,mismatch,5
P060,item07,S-FSP-V-O,match,6
P060,item07,S-FSP-V-O,mismatch,3
P060,item07,S-V-FSP-O,match,6
P060,item07,S-V-FSP-O,mismatch,4
P060,item07,S-V-O-FSP,match,5
P060,item07,S-V-O-FSP,mismatch,3
P060,item08,FSP-S-V-O,match,5
P060,item08,FSP-S-V-O,mismatch,4
P060,item08,S-FSP-V-O,match,4
P060,item08,S-FSP-V-O,mismatch,3
P060,item08,S-V-FSP-O,match,5
P060,item08,S-V-FSP-O,mismatch,3
P060,item08,S-V-O-FSP,match,4
P060,item08,S-V-O-FSP,mismatch,3
P061,item09,FSP-S-V-O,match,6
P061,item09,FSP-S-V-O,mismatch,3
P061,item09,S-FSP-V-O,match,5
P061,item09,S-FSP-V-O,mismatch,3
P061,item09,S-V-FSP-O,match,4
P061,item09,S-V-FSP-O,mismatch,3
P061,item09,S-V-O-FSP,match,5
P061,item09,S-V-O-FSP,mismatch,3
P061,item10,FSP-S-V-O,match,6
P061,item10,FSP-S-V-O,mismatch,3
P061,item10,S-FSP-V-O,match,6
P061,item10,S-FSP-V-O,mismatch,3
P061,item10,S-V-FSP-O,match,5
P061,item10,S-V-FSP-O,mismatch,3
P061,item10,S-V-O-FSP,match,6
P061,item10,S-V-O-FSP,mismatch,3
P062,item11,FSP-S-V-O,match,5
P062,item11,FSP-S-V-O,mismatch,3
P062,item11,S-FSP-V-O,match,5
P062,item11,S-FSP-V-O,mismatch,3
P062,item11,S-V-FSP-O,match,5
P062,item11,S-V-FSP-O,mismatch,3
P062,item11,S-V-O-FSP,match,5
P062,item11,S-V-O-FSP,mismatch,3
P062,item12,FSP-S-V-O,match,5
P062,item12,FSP-S-V-O,mismatch,4
P062,item12,S-FSP-V-O,match,5
P062,item12,S-FSP-V-O,mismatch,3
P062,item12,S-V-FSP-O,match,4
P062,item12,S-V-FSP-O,mismatch,2
P062,item12,S-V-O-FSP,match,5
P062,item12,S-V-O-FSP,mismatch,3
P063,item13,FSP-S-V-O,match,7
P063,item13,FSP-S-V-O,mismatch,5
P063,item13,S-FSP-V-O,match,7
P063,item13,S-FSP-V-O,mismatch,6
P063,item13,S-V-FSP-O,match,7
P063,item13,S-V-FSP-O,mismatch,5
P063,item13,S-V-O-FSP,match,7
P063,item13,S-V-O-FSP,mismatch,5
P063,item14,FSP-S-V-O,match,6
P063,item14,FSP-S-V-O,mismatch,5
P063,item14,S-FSP-V-O,match,7
P063,item14,S-FSP-V-O,mismatch,5
P063,item14,S-V-FSP-O,match,6
P063,item14,S-V-FSP-O,mismatch,4
P063,item14,S-V-O-FSP,match,7
P063,item14,S-V-O-FSP,mismatch,6
P064,item15,FSP-S-V-O,match,7
P064,item15,FSP-S-V-O,mismatch,4
P064,item15,S-FSP-V-O,match,6
P064,item15,S-FSP-V-O,mismatch,5
P064,item15,S-V-FSP-O,match,5
P064,item15,S-V-FSP-O,mismatch,4
P064,item15,S-V-O-FSP,match,6
P064,item15,S-V-O-FSP,mismatch,4
P064,item16,FSP-S-V-O,match,6
P064,item16,FSP-S-V-O,mismatch,4
P064,item16,S-FSP-V-O,match,6
P064,item16,S-FSP-V-O,mismatch,4
P064,item16,S-V-FSP-O,match,6
P064,item16,S-V-FSP-O,mismatch,4
P064,item16,S-V-O-FSP,match,6
P064,item16,S-V-O-FSP,mismatch,4
P065,item01,FSP-S-V-O,match,6
P065,item01,FSP-S-V-O,mismatch,4
P065,item01,S-FSP-V-O,match,6
P065,item01,S-FSP-V-O,mismatch,4
P065,item01,S-V-FSP-O,match,6
P065,item01,S-V-FSP-O,mismatch,4
P065,item01,S-V-O-FSP,match,6
P065,item01,S-V-O-FSP,mismatch,5
P065,item02,FSP-S-V-O,match,6
P065,item02,FSP-S-V-O,mismatch,5
P065,item02,S-FSP-V-O,match,5
P065,item02,S-FSP-V-O,mismatch,4
P065,item02,S-V-FSP-O,match,6
P065,item02,S-V-FSP-O,mismatch,4
P065,item02,S-V-O-FSP,match,6
P065,item02,S-V-O-FSP,mismatch,4
P066,item03,FSP-S-V-O,match,6
P066,item03,FSP-S-V-O,mismatch,4
P066,item03,S-FSP-V-O,match,6
P066,item03,S-FSP-V-O,mismatch,4
P066,item03,S-V-FSP-O,match,5
P066,item03,S-V-FSP-O,mismatch,3
P066,item03,S-V-O-FSP,match,6
P066,item03,S-V-O-FSP,mismatch,3
P066,item04,FSP-S-V-O,match,5
P066,item04,FSP-S-V-O,mismatch,3
P066,item04,S-FSP-V-O,match,6
P066,item04,S-FSP-V-O,mismatch,4
P066,item04,S-V-FSP-O,match,5
P066,item04,S-V-FSP-O,mismatch,4
P066,item04,S-V-O-FSP,match,5
P066,item04,S-V-O-FSP,mismatch,3
P067,item05,FSP-S-V-O,match,6
P067,item05,FSP-S-V-O,mismatch,4
P067,item05,S-FSP-V-O,match,5
P067,item05,S-FSP-V-O,mismatch,4
P067,item05,S-V-FSP-O,match,6
P067,item05,S-V-FSP-O,mismatch,3
P067,item05,S-V-O-FSP,match,5
P067,item05,S-V-O-FSP,mismatch,4
P067,item06,FSP-S-V-O,match,5
P067,item06,FSP-S-V-O,mismatch,3
P067,item06,S-FSP-V-O,match,6
P067,item06,S-FSP-V-O,mismatch,4
P067,item06,S-V-FSP-O,match,5
P067,item06,S-V-FSP-O,mismatch,4
P067,item06,S-V-O-FSP,match,5
P067,item06,S-V-O-FSP,mismatch,4
P068,item07,FSP-S-V-O,match,7
P068,item07,FSP-S-V-O,mismatch,4
P068,item07,S-FSP-V-O,match,6
P068,item07,S-FSP-V-O,mismatch,4
P068,item07,S-V-FSP-O,match,6
P068,item07,S-V-FSP-O,mismatch,4
P068,item07,S-V-O-FSP,match,6
P068,item07,S-V-O-FSP,mismatch,5
P068,item08,FSP-S-V-O,match,5
P068,item08,FSP-S-V-O,mismatch,4
P068,item08,S-FSP-V-O,match,6
P068,item08,S-FSP-V-O,mismatch,3
P068,item08,S-V-FSP-O,match,5
P068,item08,S-V-FSP-O,mismatch,4
P068,item08,S-V-O-FSP,match,7
P068,item08,S-V-O-FSP,mismatch,4
P069,item09,FSP-S-V-O,match,6
P069,item09,FSP-S-V-O,mismatch,4
P069,item09,S-FSP-V-O,match,6
P069,item09,S-FSP-V-O,mismatch,4
P069,item09,S-V-FSP-O,match,5
P069,item09,S-V-FSP-O,mismatch,4
P069,item09,S-V-O-FSP,match,6
P069,item09,S-V-O-FSP,mismatch,5
P069,item10,FSP-S-V-O,match,6
P069,item10,FSP-S-V-O,mismatch,5
P069,item10,S-FSP-V-O,match,6
P069,item10,S-FSP-V-O,mismatch,4
P069,item10,S-V-FSP-O,match,6
P069,item10,S-V-FSP-O,mismatch,4
P069,item10,S-V-O-FSP,match,6
P069,item10,S-V-O-FSP,mismatch,5
P070,item11,FSP-S-V-O,match,7
P070,item11,FSP-S-V-O,mismatch,4
P070,item11,S-FSP-V-O,match,6
P070,item11,S-FSP-V-O,mismatch,5
P070,item11,S-V-FSP-O,match,5
P070,item11,S-V-FSP-O,mismatch,4
P070,item11,S-V-O-FSP,match,6
P070,item11,S-V-O-FSP,mismatch,5
P070,item12,FSP-S-V-O,match,6
P070,item12,FSP-S-V-O,mismatch,4
P070,item12,S-FSP-V-O,match,6
P070,item12,S-FSP-V-O,mismatch,5
P070,item12,S-V-FSP-O,match,6
P070,item12,S-V-FSP-O,mismatch,4
P070,item12,S-V-O-FSP,match,6
P070,item12,S-V-O-FSP,mismatch,5
P071,item13,FSP-S-V-O,match,7
P071,item13,FSP-S-V-O,mismatch,4
P071,item13,S-FSP-V-O,match,6
P071,item13,S-FSP-V-O,mismatch,4
P071,item13,S-V-FSP-O,match,7
P071,item13,S-V-FSP-O,mismatch,4
P071,item13,S-V-O-FSP,match,6
P071,item13,S-V-O-FSP,mismatch,4
P071,item14,FSP-S-V-O,match,6
P071,item14,FSP-S-V-O,mismatch,4
P071,item14,S-FSP-V-O,match,6
P071,item14,S-FSP-V-O,mismatch,4
P071,item14,S-V-FSP-O,match,6
P071,item14,S-V-FSP-O,mismatch,4
P071,item14,S-V-O-FSP,match,6
P071,item14,S-V-O-FSP,mismatch,4
P072,item15,FSP-S-V-O,match,7
P072,item15,FSP-S-V-O,mismatch,4
P072,item15,S-FSP-V-O,match,6
P072,item15,S-FSP-V-O,mismatch,4
P072,item15,S-V-FSP-O,match,6
P072,item15,S-V-FSP-O,mismatch,4
P072,item15,S-V-O-FSP,match,6
P072,item15,S-V-O-FSP,mismatch,5
P072,item16,FSP-S-V-O,match,7
P072,item16,FSP-S-V-O,mismatch,4
P072,item16,S-FSP-V-O,match,7
P072,item16,S-FSP-V-O,mismatch,4
P072,item16,S-V-FSP-O,match,6
P072,item16,S-V-FSP-O,mismatch,4
P072,item16,S-V-O-FSP,match,6
P072,item16,S-V-O-FSP,mismatch,5
P073,item01,FSP-S-V-O,match,6
P073,item01,FSP-S-V-O,mismatch,3
P073,item01,S-FSP-V-O,match,5
P073,item01,S-FSP-V-O,mismatch,4
P073,item01,S-V-FSP-O,match,6
P073,item01,S-V-FSP-O,mismatch,2
P073,item01,S-V-O-FSP,match,4
P073,item01,S-V-O-FSP,mismatch,4
P073,item02,FSP-S-V-O,match,5
P073,item02,FSP-S-V-O,mismatch,3
P073,item02,S-FSP-V-O,match,6
P073,item02,S-FSP-V-O,mismatch,3
P073,item02,S-V-FSP-O,match,5
P073,item02,S-V-FSP-O,mismatch,4
P073,item02,S-V-O-FSP,match,5
P073,item02,S-V-O-FSP,mismatch,3
P074,item03,FSP-S-V-O,match,6
P074,item03,FSP-S-V-O,mismatch,3
P074,item03,S-FSP-V-O,match,5
P074,item03,S-FSP-V-O,mismatch,4
P074,item03,S-V-FSP-O,match,5
P074,item03,S-V-FSP-O,mismatch,3
P074,item03,S-V-O-FSP,match,5
P074,item03,S-V-O-FSP,mismatch,4
P074,item04,FSP-S-V-O,match,5
P074,item04,FSP-S-V-O,mismatch,3
P074,item04,S-FSP-V-O,match,4
P074,item04,S-FSP-V-O,mismatch,3
P074,item04,S-V-FSP-O,match,4
P074,item04,S-V-FSP-O,mismatch,3
P074,item04,S-V-O-FSP,match,4
P074,item04,S-V-O-FSP,mismatch,3
P075,item05,FSP-S-V-O,match,7
P075,item05,FSP-S-V-O,mismatch,5
P075,item05,S-FSP-V-O,match,7
P075,item05,S-FSP-V-O,mismatch,5
P075,item05,S-V-FSP-O,match,7
P075,item05,S-V-FSP-O,mismatch,4
P075,item05,S-V-O-FSP,match,6
P075,item05,S-V-O-FSP,mismatch,5
P075,item06,FSP-S-V-O,match,6
P075,item06,FSP-S-V-O,mismatch,4
P075,item06,S-FSP-V-O,match,6
P075,item06,S-FSP-V-O,mismatch,5
P075,item06,S-V-FSP-O,match,6
P075,item06,S-V-FSP-O,mismatch,4
P075,item06,S-V-O-FSP,match,6
P075,item06,S-V-O-FSP,mismatch,4
P076,item07,FSP-S-V-O,match,6
P076,item07,FSP-S-V-O,mismatch,4
P076,item07,S-FSP-V-O,match,6
P076,item07,S-FSP-V-O,mismatch,4
P076,item07,S-V-FSP-O,match,6
P076,item07,S-V-FSP-O,mismatch,3
P076,item07,S-V-O-FSP,match,6
P076,item07,S-V-O-FSP,mismatch,4
P076,item08,FSP-S-V-O,match,5
P076,item08,FSP-S-V-O,mismatch,3
P076,item08,S-FSP-V-O,match,6
P076,item08,S-FSP-V-O,mismatch,4
P076,item08,S-V-FSP-O,match,5
P076,item08,S-V-FSP-O,mismatch,3
P076,item08,S-V-O-FSP,match,6
P076,item08,S-V-O-FSP,mismatch,4
P077,item09,FSP-S-V-O,match,6
P077,item09,FSP-S-V-O,mismatch,3
P077,item09,S-FSP-V-O,match,7
P077,item09,S-FSP-V-O,mismatch,4
P077,item09,S-V-FSP-O,match,6
P077,item09,S-V-FSP-O,mismatch,4
P077,item09,S-V-O-FSP,match,5
P077,item09,S-V-O-FSP,mismatch,4
P077,item10,FSP-S-V-O,match,7
P077,item10,FSP-S-V-O,mismatch,4
P077,item10,S-FSP-V-O,match,7
P077,item10,S-FSP-V-O,mismatch,3
P077,item10,S-V-FSP-O,match,6
P077,item10,S-V-FSP-O,mismatch,4
P077,item10,S-V-O-FSP,match,5
P077,item10,S-V-O-FSP,mismatch,4
P078,item11,FSP-S-V-O,match,7
P078,item11,FSP-S-V-O,mismatch,6
P078,item11,S-FSP-V-O,match,7
P078,item11,S-FSP-V-O,mismatch,5
P078,item11,S-V-FSP-O,match,7
P078,item11,S-V-FSP-O,mismatch,4
P078,item11,S-V-O-FSP,match,7
P078,item11,S-V-O-FSP,mismatch,5
P078,item12,FSP-S-V-O,match,7
P078,item12,FSP-S-V-O,mismatch,5
P078,item12,S-FSP-V-O,match,7
P078,item12,S-FSP-V-O,mismatch,5
P078,item12,S-V-FSP-O,match,7
P078,item12,S-V-FSP-O,mismatch,4
P078,item12,S-V-O-FSP,match,7
P078,item12,S-V-O-FSP,mismatch,5
P079,item13,FSP-S-V-O,match,6
P079,item13,FSP-S-V-O,mismatch,4
P079,item13,S-FSP-V-O,match,6
P079,item13,S-FSP-V-O,mismatch,5
P079,item13,S-V-FSP-O,match,5
P079,item13,S-V-FSP-O,mismatch,5
P079,item13,S-V-O-FSP,match,6
P079,item13,S-V-O-FSP,mismatch,4
P079,item14,FSP-S-V-O,match,6
P079,item14,FSP-S-V-O,mismatch,3
P079,item14,S-FSP-V-O,match,6
P079,item14,S-FSP-V-O,mismatch,4
P079,item14,S-V-FSP-O,match,6
P079,item14,S-V-FSP-O,mismatch,3
P079,item14,S-V-O-FSP,match,6
P079,item14,S-V-O-FSP,mismatch,4
P080,item15,FSP-S-V-O,match,5
P080,item15,FSP-S-V-O,mismatch,4
P080,item15,S-FSP-V-O,match,7
P080,item15,S-FSP-V-O,mismatch,5
P080,item15,S-V-FSP-O,match,6
P080,item15,S-V-FSP-O,mismatch,5
P080,item15,S-V-O-FSP,match,6
P080,item15,S-V-O-FSP,mismatch,4
P080,item16,FSP-S-V-O,match,6
P080,item16,FSP-S-V-O,mismatch,4
P080,item16,S-FSP-V-O,match,6
P080,item16,S-FSP-V-O,mismatch,4
P080,item16,S-V-FSP-O,match,6
P080,item16,S-V-FSP-O,mismatch,4
P080,item16,S-V-O-FSP,match,5
P080,item16,S-V-O-FSP,mismatch,4
P081,item01,FSP-S-V-O,match,6
P081,item01,FSP-S-V-O,mismatch,4
P081,item01,S-FSP-V-O,match,5
P081,item01,S-FSP-V-O,mismatch,4
P081,item01,S-V-FSP-O,match,5
P081,item01,S-V-FSP-O,mismatch,4
P081,item01,S-V-O-FSP,match,5
P081,item01,S-V-O-FSP,mismatch,4
P081,item02,FSP-S-V-O,match,6
P081,item02,FSP-S-V-O,mismatch,3
P081,item02,S-FSP-V-O,match,5
P081,item02,S-FSP-V-O,mismatch,4
P081,item02,S-V-FSP-O,match,5
P081,item02,S-V-FSP-O,mismatch,4
P081,item02,S-V-O-FSP,match,5
P081,item02,S-V-O-FSP,mismatch,5
P082,item03,FSP-S-V-O,match,7
P082,item03,FSP-S-V-O,mismatch,4
P082,item03,S-FSP-V-O,match,7
P082,item03,S-FSP-V-O,mismatch,4
P082,item03,S-V-FSP-O,match,7
P082,item03,S-V-FSP-O,mismatch,4
P082,item03,S-V-O-FSP,match,7
P082,item03,S-V-O-FSP,mismatch,5
P082,item04,FSP-S-V-O,match,6
P082,item04,FSP-S-V-O,mismatch,5
P082,item04,S-FSP-V-O,match,6
P082,item04,S-FSP-V-O,mismatch,3
P082,item04,S-V-FSP-O,match,5
P082,item04,S-V-FSP-O,mismatch,3
P082,item04,S-V-O-FSP,match,6
P082,item04,S-V-O-FSP,mismatch,4
P083,item05,FSP-S-V-O,match,6
P083,item05,FSP-S-V-O,mismatch,4
P083,item05,S-FSP-V-O,match,5
P083,item05,S-FSP-V-O,mismatch,4
P083,item05,S-V-FSP-O,match,5
P083,item05,S-V-FSP-O,mismatch,4
P083,item05,S-V-O-FSP,match,6
P083,item05,S-V-O-FSP,mismatch,5
P083,item06,FSP-S-V-O,match,6
P083,item06,FSP-S-V-O,mismatch,4
P083,item06,S-FSP-V-O,match,5
P083,item06,S-FSP-V-O,mismatch,4
P083,item06,S-V-FSP-O,match,6
P083,item06,S-V-FSP-O,mismatch,4
P083,item06,S-V-O-FSP,match,6
P083,item06,S-V-O-FSP,mismatch,4
