participant_id,item_id,fsp_position,context,correct,rt_ms
P001,item01,FSP-S-V-O,match,1,946
P001,item01,FSP-S-V-O,mismatch,1,1130
P001,item01,S-FSP-V-O,match,1,799
P001,item01,S-FSP-V-O,mismatch,1,1033
P001,item01,S-V-FSP-O,match,1,1034
P001,item01,S-V-FSP-O,mismatch,1,807
P001,item01,S-V-O-FSP,match,1,544
P001,item01,S-V-O-FSP,mismatch,1,948
P001,item02,FSP-S-V-O,match,1,584
P001,item02,FSP-S-V-O,mismatch,1,669
P001,item02,S-FSP-V-O,match,1,650
P001,item02,S-FSP-V-O,mismatch,1,1227
P001,item02,S-V-FSP-O,match,1,874
P001,item02,S-V-FSP-O,mismatch,0,1513
P001,item02,S-V-O-FSP,match,1,618
P001,item02,S-V-O-FSP,mismatch,1,827
P002,item03,FSP-S-V-O,match,1,866
P002,item03,FSP-S-V-O,mismatch,1,599
P002,item03,S-FSP-V-O,match,1,682
P002,item03,S-FSP-V-O,mismatch,1,1326
P002,item03,S-V-FSP-O,match,1,772
P002,item03,S-V-FSP-O,mismatch,0,1053
P002,item03,S-V-O-FSP,match,1,464
P002,item03,S-V-O-FSP,mismatch,1,625
P002,item04,FSP-S-V-O,match,0,528
P002,item04,FSP-S-V-O,mismatch,1,749
P002,item04,S-FSP-V-O,match,1,407
P002,item04,S-FSP-V-O,mismatch,1,686
P002,item04,S-V-FSP-O,match,1,744
P002,item04,S-V-FSP-O,mismatch,1,568
P002,item04,S-V-O-FSP,match,1,867
P002,item04,S-V-O-FSP,mismatch,1,786
P003,item05,FSP-S-V-O,match,1,806
P003,item05,FSP-S-V-O,mismatch,1,834
P003,item05,S-FSP-V-O,match,1,856
P003,item05,S-FSP-V-O,mismatch,1,756
P003,item05,S-V-FSP-O,match,1,913
P003,item05,S-V-FSP-O,mismatch,1,842
P003,item05,S-V-O-FSP,match,1,815
P003,item05,S-V-O-FSP,mismatch,1,672
P003,item06,FSP-S-V-O,match,1,985
P003,item06,FSP-S-V-O,mismatch,1,538
P003,item06,S-FSP-V-O,match,1,785
P003,item06,S-FSP-V-O,mismatch,1,1069
P003,item06,S-V-FSP-O,match,1,1291
P003,item06,S-V-FSP-O,mismatch,0,1224
P003,item06,S-V-O-FSP,match,1,864
P003,item06,S-V-O-FSP,mismatch,1,612
P004,item07,FSP-S-V-O,match,1,650
P004,item07,FSP-S-V-O,mismatch,1,1000
P004,item07,S-FSP-V-O,match,1,534
P004,item07,S-FSP-V-O,mismatch,1,580
P004,item07,S-V-FSP-O,match,1,906
P004,item07,S-V-FSP-O,mismatch,1,914
P004,item07,S-V-O-FSP,match,0,664
P004,item07,S-V-O-FSP,mismatch,1,738
P004,item08,FSP-S-V-O,match,1,712
P004,item08,FSP-S-V-O,mismatch,1,1012
P004,item08,S-FSP-V-O,match,0,696
P004,item08,S-FSP-V-O,mismatch,1,703
P004,item08,S-V-FSP-O,match,1,665
P004,item08,S-V-FSP-O,mismatch,1,671
P004,item08,S-V-O-FSP,match,1,717
P004,item08,S-V-O-FSP,mismatch,1,1035
P005,item09,FSP-S-V-O,match,1,591
P005,item09,FSP-S-V-O,mismatch,1,621
P005,item09,S-FSP-V-O,match,1,525
P005,item09,S-FSP-V-O,mismatch,1,426
P005,item09,S-V-FSP-O,match,1,502
P005,item09,S-V-FSP-O,mismatch,1,804
P005,item09,S-V-O-FSP,match,1,862
P005,item09,S-V-O-FSP,mismatch,1,1049
P005,item10,FSP-S-V-O,match,1,1083
P005,item10,FSP-S-V-O,mismatch,1,779
P005,item10,S-FSP-V-O,match,1,468
P005,item10,S-FSP-V-O,mismatch,1,878
P005,item10,S-V-FSP-O,match,1,549
P005,item10,S-V-FSP-O,mismatch,1,605
P005,item10,S-V-O-FSP,match,1,565
P005,item10,S-V-O-FSP,mismatch,1,910
P006,item11,FSP-S-V-O,match,1,531
P006,item11,FSP-S-V-O,mismatch,1,772
P006,item11,S-FSP-V-O,match,0,817
P006,item11,S-FSP-V-O,mismatch,1,869
P006,item11,S-V-FSP-O,match,1,713
P006,item11,S-V-FSP-O,mismatch,1,727
P006,item11,S-V-O-FSP,match,1,827
P006,item11,S-V-O-FSP,mismatch,1,1235
P006,item12,FSP-S-V-O,match,1,545
P006,item12,FSP-S-V-O,mismatch,1,1258
P006,item12,S-FSP-V-O,match,1,674
P006,item12,S-FSP-V-O,mismatch,1,512
P006,item12,S-V-FSP-O,match,1,838
P006,item12,S-V-FSP-O,mismatch,0,1079
P006,item12,S-V-O-FSP,match,1,696
P006,item12,S-V-O-FSP,mismatch,1,934
P007,item13,FSP-S-V-O,match,1,539
P007,item13,FSP-S-V-O,mismatch,1,600
P007,item13,S-FSP-V-O,match,1,783
P007,item13,S-FSP-V-O,mismatch,1,750
P007,item13,S-V-FSP-O,match,1,551
P007,item13,S-V-FSP-O,mismatch,1,889
P007,item13,S-V-O-FSP,match,1,462
P007,item13,S-V-O-FSP,mismatch,1,989
P007,item14,FSP-S-V-O,match,1,1082
P007,item14,FSP-S-V-O,mismatch,1,691
P007,item14,S-FSP-V-O,match,1,613
P007,item14,S-FSP-V-O,mismatch,0,950
P007,item14,S-V-FSP-O,match,1,629
P007,item14,S-V-FSP-O,mismatch,1,635
P007,item14,S-V-O-FSP,match,1,724
P007,item14,S-V-O-FSP,mismatch,1,1030
P008,item15,FSP-S-V-O,match,1,800
P008,item15,FSP-S-V-O,mismatch,1,693
P008,item15,S-FSP-V-O,match,1,688
P008,item15,S-FSP-V-O,mismatch,1,905
P008,item15,S-V-FSP-O,match,1,765
P008,item15,S-V-FSP-O,mismatch,1,913
P008,item15,S-V-O-FSP,match,1,932
P008,item15,S-V-O-FSP,mismatch,1,659
P008,item16,FSP-S-V-O,match,1,696
P008,item16,FSP-S-V-O,mismatch,1,1087
P008,item16,S-FSP-V-O,match,1,720
P008,item16,S-FSP-V-O,mismatch,1,928
P008,item16,S-V-FSP-O,match,1,929
P008,item16,S-V-FSP-O,mismatch,0,904
P008,item16,S-V-O-FSP,match,1,854
P008,item16,S-V-O-FSP,mismatch,0,971
P009,item01,FSP-S-V-O,match,1,599
P009,item01,FSP-S-V-O,mismatch,1,921
P009,item01,S-FSP-V-O,match,1,975
P009,item01,S-FSP-V-O,mismatch,1,702
P009,item01,S-V-FSP-O,match,1,900
P009,item01,S-V-FSP-O,mismatch,0,1008
P009,item01,S-V-O-FSP,match,1,709
P009,item01,S-V-O-FSP,mismatch,1,825
P009,item02,FSP-S-V-O,match,1,536
P009,item02,FSP-S-V-O,mismatch,1,832
P009,item02,S-FSP-V-O,match,1,717
P009,item02,S-FSP-V-O,mismatch,1,726
P009,item02,S-V-FSP-O,match,1,874
P009,item02,S-V-FSP-O,mismatch,1,1124
P009,item02,S-V-O-FSP,match,1,675
P009,item02,S-V-O-FSP,mismatch,1,1117
P010,item03,FSP-S-V-O,match,1,752
P010,item03,FSP-S-V-O,mismatch,1,826
P010,item03,S-FSP-V-O,match,1,534
P010,item03,S-FSP-V-O,mismatch,1,625
P010,item03,S-V-FSP-O,match,1,740
P010,item03,S-V-FSP-O,mismatch,1,1013
P010,item03,S-V-O-FSP,match,1,624
P010,item03,S-V-O-FSP,mismatch,1,995
P010,item04,FSP-S-V-O,match,1,752
P010,item04,FSP-S-V-O,mismatch,1,1156
P010,item04,S-FSP-V-O,match,1,984
P010,item04,S-FSP-V-O,mismatch,1,986
P010,item04,S-V-FSP-O,match,0,1067
P010,item04,S-V-FSP-O,mismatch,1,963
P010,item04,S-V-O-FSP,match,1,962
P010,item04,S-V-O-FSP,mismatch,1,813
P011,item05,FSP-S-V-O,match,1,599
P011,item05,FSP-S-V-O,mismatch,1,828
P011,item05,S-FSP-V-O,match,1,795
P011,item05,S-FSP-V-O,mismatch,1,1230
P011,item05,S-V-FSP-O,match,1,779
P011,item05,S-V-FSP-O,mismatch,0,904
P011,item05,S-V-O-FSP,match,1,1025
P011,item05,S-V-O-FSP,mismatch,1,1011
P011,item06,FSP-S-V-O,match,1,734
P011,item06,FSP-S-V-O,mismatch,1,668
P011,item06,S-FSP-V-O,match,1,794
P011,item06,S-FSP-V-O,mismatch,1,467
P011,item06,S-V-FSP-O,match,1,1071
P011,item06,S-V-FSP-O,mismatch,0,819
P011,item06,S-V-O-FSP,match,1,669
P011,item06,S-V-O-FSP,mismatch,1,627
P012,item07,FSP-S-V-O,match,1,1087
P012,item07,FSP-S-V-O,mismatch,1,1252
P012,item07,S-FSP-V-O,match,1,665
P012,item07,S-FSP-V-O,mismatch,1,1412
P012,item07,S-V-FSP-O,match,1,872
P012,item07,S-V-FSP-O,mismatch,1,1127
P012,item07,S-V-O-FSP,match,0,935
P012,item07,S-V-O-FSP,mismatch,1,698
P012,item08,FSP-S-V-O,match,1,2136
P012,item08,FSP-S-V-O,mismatch,1,3094
P012,item08,S-FSP-V-O,match,0,583
P012,item08,S-FSP-V-O,mismatch,1,678
P012,item08,S-V-FSP-O,match,1,1122
P012,item08,S-V-FSP-O,mismatch,0,753
P012,item08,S-V-O-FSP,match,1,966
P012,item08,S-V-O-FSP,mismatch,0,4162
P013,item09,FSP-S-V-O,match,1,577
P013,item09,FSP-S-V-O,mismatch,1,1191
P013,item09,S-FSP-V-O,match,1,830
P013,item09,S-FSP-V-O,mismatch,1,864
P013,item09,S-V-FSP-O,match,1,847
P013,item09,S-V-FSP-O,mismatch,1,718
P013,item09,S-V-O-FSP,match,1,788
P013,item09,S-V-O-FSP,mismatch,1,865
P013,item10,FSP-S-V-O,match,1,1244
P013,item10,FSP-S-V-O,mismatch,1,745
P013,item10,S-FSP-V-O,match,1,691
P013,item10,S-FSP-V-O,mismatch,1,1160
P013,item10,S-V-FSP-O,match,1,669
P013,item10,S-V-FSP-O,mismatch,1,1028
P013,item10,S-V-O-FSP,match,0,614
P013,item10,S-V-O-FSP,mismatch,0,728
P014,item11,FSP-S-V-O,match,1,802
P014,item11,FSP-S-V-O,mismatch,1,969
P014,item11,S-FSP-V-O,match,1,807
P014,item11,S-FSP-V-O,mismatch,1,776
P014,item11,S-V-FSP-O,match,1,594
P014,item11,S-V-FSP-O,mismatch,0,732
P014,item11,S-V-O-FSP,match,1,690
P014,item11,S-V-O-FSP,mismatch,0,857
P014,item12,FSP-S-V-O,match,1,525
P014,item12,FSP-S-V-O,mismatch,1,772
P014,item12,S-FSP-V-O,match,1,730
P014,item12,S-FSP-V-O,mismatch,1,760
P014,item12,S-V-FSP-O,match,1,558
P014,item12,S-V-FSP-O,mismatch,1,709
P014,item12,S-V-O-FSP,match,1,567
P014,item12,S-V-O-FSP,mismatch,1,1175
P015,item13,FSP-S-V-O,match,1,487
P015,item13,FSP-S-V-O,mismatch,1,982
P015,item13,S-FSP-V-O,match,1,780
P015,item13,S-FSP-V-O,mismatch,1,804
P015,item13,S-V-FSP-O,match,1,651
P015,item13,S-V-FSP-O,mismatch,0,966
P015,item13,S-V-O-FSP,match,1,571
P015,item13,S-V-O-FSP,mismatch,1,624
P015,item14,FSP-S-V-O,match,1,756
P015,item14,FSP-S-V-O,mismatch,1,1513
P015,item14,S-FSP-V-O,match,1,802
P015,item14,S-FSP-V-O,mismatch,1,631
P015,item14,S-V-FSP-O,match,1,743
P015,item14,S-V-FSP-O,mismatch,0,1017
P015,item14,S-V-O-FSP,match,1,1250
P015,item14,S-V-O-FSP,mismatch,1,768
P016,item15,FSP-S-V-O,match,1,551
P016,item15,FSP-S-V-O,mismatch,1,661
P016,item15,S-FSP-V-O,match,1,469
P016,item15,S-FSP-V-O,mismatch,1,768
P016,item15,S-V-FSP-O,match,1,850
P016,item15,S-V-FSP-O,mismatch,1,803
P016,item15,S-V-O-FSP,match,1,695
P016,item15,S-V-O-FSP,mismatch,1,1016
P016,item16,FSP-S-V-O,match,1,1069
P016,item16,FSP-S-V-O,mismatch,1,1017
P016,item16,S-FSP-V-O,match,1,752
P016,item16,S-FSP-V-O,mismatch,1,934
P016,item16,S-V-FSP-O,match,1,687
P016,item16,S-V-FSP-O,mismatch,0,815
P016,item16,S-V-O-FSP,match,0,1041
P016,item16,S-V-O-FSP,mismatch,1,1121
P017,item01,FSP-S-V-O,match,1,720
P017,item01,FSP-S-V-O,mismatch,1,703
P017,item01,S-FSP-V-O,match,1,654
P017,item01,S-FSP-V-O,mismatch,0,704
P017,item01,S-V-FSP-O,match,1,558
P017,item01,S-V-FSP-O,mismatch,1,786
P017,item01,S-V-O-FSP,match,1,387
P017,item01,S-V-O-FSP,mismatch,0,1075
P017,item02,FSP-S-V-O,match,1,715
P017,item02,FSP-S-V-O,mismatch,1,683
P017,item02,S-FSP-V-O,match,1,725
P017,item02,S-FSP-V-O,mismatch,1,786
P017,item02,S-V-FSP-O,match,1,762
P017,item02,S-V-FSP-O,mismatch,0,596
P017,item02,S-V-O-FSP,match,1,931
P017,item02,S-V-O-FSP,mismatch,1,570
P018,item03,FSP-S-V-O,match,1,440
P018,item03,FSP-S-V-O,mismatch,1,629
P018,item03,S-FSP-V-O,match,0,794
P018,item03,S-FSP-V-O,mismatch,0,937
P018,item03,S-V-FSP-O,match,1,740
P018,item03,S-V-FSP-O,mismatch,0,704
P018,item03,S-V-O-FSP,match,1,738
P018,item03,S-V-O-FSP,mismatch,1,796
P018,item04,FSP-S-V-O,match,1,644
P018,item04,FSP-S-V-O,mismatch,1,927
P018,item04,S-FSP-V-O,match,1,978
P018,item04,S-FSP-V-O,mismatch,1,546
P018,item04,S-V-FSP-O,match,1,993
P018,item04,S-V-FSP-O,mismatch,0,629
P018,item04,S-V-O-FSP,match,1,625
P018,item04,S-V-O-FSP,mismatch,1,515
P019,item05,FSP-S-V-O,match,1,544
P019,item05,FSP-S-V-O,mismatch,1,617
P019,item05,S-FSP-V-O,match,1,507
P019,item05,S-FSP-V-O,mismatch,1,1022
P019,item05,S-V-FSP-O,match,1,656
P019,item05,S-V-FSP-O,mismatch,0,579
P019,item05,S-V-O-FSP,match,1,493
P019,item05,S-V-O-FSP,mismatch,1,820
P019,item06,FSP-S-V-O,match,1,706
P019,item06,FSP-S-V-O,mismatch,1,615
P019,item06,S-FSP-V-O,match,1,514
P019,item06,S-FSP-V-O,mismatch,1,928
P019,item06,S-V-FSP-O,match,1,554
P019,item06,S-V-FSP-O,mismatch,0,991
P019,item06,S-V-O-FSP,match,1,862
P019,item06,S-V-O-FSP,mismatch,1,726
P020,item07,FSP-S-V-O,match,1,361
P020,item07,FSP-S-V-O,mismatch,1,626
P020,item07,S-FSP-V-O,match,1,439
P020,item07,S-FSP-V-O,mismatch,1,727
P020,item07,S-V-FSP-O,match,1,449
P020,item07,S-V-FSP-O,mismatch,1,635
P020,item07,S-V-O-FSP,match,1,508
P020,item07,S-V-O-FSP,mismatch,1,775
P020,item08,FSP-S-V-O,match,1,428
P020,item08,FSP-S-V-O,mismatch,0,545
P020,item08,S-FSP-V-O,match,1,432
P020,item08,S-FSP-V-O,mismatch,0,634
P020,item08,S-V-FSP-O,match,1,648
P020,item08,S-V-FSP-O,mismatch,1,550
P020,item08,S-V-O-FSP,match,1,576
P020,item08,S-V-O-FSP,mismatch,1,569
P021,item09,FSP-S-V-O,match,1,1035
P021,item09,FSP-S-V-O,mismatch,1,575
P021,item09,S-FSP-V-O,match,1,567
P021,item09,S-FSP-V-O,mismatch,1,791
P021,item09,S-V-FSP-O,match,1,655
P021,item09,S-V-FSP-O,mismatch,1,719
P021,item09,S-V-O-FSP,match,1,646
P021,item09,S-V-O-FSP,mismatch,1,727
P021,item10,FSP-S-V-O,match,1,776
P021,item10,FSP-S-V-O,mismatch,1,648
P021,item10,S-FSP-V-O,match,1,587
P021,item10,S-FSP-V-O,mismatch,1,573
P021,item10,S-V-FSP-O,match,1,947
P021,item10,S-V-FSP-O,mismatch,1,752
P021,item10,S-V-O-FSP,match,1,593
P021,item10,S-V-O-FSP,mismatch,1,612
P022,item11,FSP-S-V-O,match,1,734
P022,item11,FSP-S-V-O,mismatch,1,453
P022,item11,S-FSP-V-O,match,1,673
P022,item11,S-FSP-V-O,mismatch,1,642
P022,item11,S-V-FSP-O,match,1,675
P022,item11,S-V-FSP-O,mismatch,1,916
P022,item11,S-V-O-FSP,match,1,881
P022,item11,S-V-O-FSP,mismatch,1,656
P022,item12,FSP-S-V-O,match,1,648
P022,item12,FSP-S-V-O,mismatch,1,768
P022,item12,S-FSP-V-O,match,1,672
P022,item12,S-FSP-V-O,mismatch,1,627
P022,item12,S-V-FSP-O,match,0,784
P022,item12,S-V-FSP-O,mismatch,1,892
P022,item12,S-V-O-FSP,match,1,527
P022,item12,S-V-O-FSP,mismatch,1,484
P023,item13,FSP-S-V-O,match,1,428
P023,item13,FSP-S-V-O,mismatch,1,640
P023,item13,S-FSP-V-O,match,0,458
P023,item13,S-FSP-V-O,mismatch,1,609
P023,item13,S-V-FSP-O,match,1,544
P023,item13,S-V-FSP-O,mismatch,1,795
P023,item13,S-V-O-FSP,match,1,681
P023,item13,S-V-O-FSP,mismatch,1,983
P023,item14,FSP-S-V-O,match,1,693
P023,item14,FSP-S-V-O,mismatch,1,693
P023,item14,S-FSP-V-O,match,1,620
P023,item14,S-FSP-V-O,mismatch,1,955
P023,item14,S-V-FSP-O,match,1,974
P023,item14,S-V-FSP-O,mismatch,1,674
P023,item14,S-V-O-FSP,match,1,584
P023,item14,S-V-O-FSP,mismatch,1,519
P024,item15,FSP-S-V-O,match,1,731
P024,item15,FSP-S-V-O,mismatch,1,554
P024,item15,S-FSP-V-O,match,1,526
P024,item15,S-FSP-V-O,mismatch,1,545
P024,item15,S-V-FSP-O,match,1,735
P024,item15,S-V-FSP-O,mismatch,0,1124
P024,item15,S-V-O-FSP,match,1,608
P024,item15,S-V-O-FSP,mismatch,1,737
P024,item16,FSP-S-V-O,match,1,515
P024,item16,FSP-S-V-O,mismatch,0,804
P024,item16,S-FSP-V-O,match,1,705
P024,item16,S-FSP-V-O,mismatch,1,703
P024,item16,S-V-FSP-O,match,0,1051
P024,item16,S-V-FSP-O,mismatch,1,1070
P024,item16,S-V-O-FSP,match,1,683
P024,item16,S-V-O-FSP,mismatch,1,661
P025,item01,FSP-S-V-O,match,1,529
P025,item01,FSP-S-V-O,mismatch,0,938
P025,item01,S-FSP-V-O,match,1,1035
P025,item01,S-FSP-V-O,mismatch,1,504
P025,item01,S-V-FSP-O,match,1,830
P025,item01,S-V-FSP-O,mismatch,1,798
P025,item01,S-V-O-FSP,match,1,545
P025,item01,S-V-O-FSP,mismatch,1,623
P025,item02,FSP-S-V-O,match,0,544
P025,item02,FSP-S-V-O,mismatch,1,726
P025,item02,S-FSP-V-O,match,1,643
P025,item02,S-FSP-V-O,mismatch,1,797
P025,item02,S-V-FSP-O,match,1,619
P025,item02,S-V-FSP-O,mismatch,1,1031
P025,item02,S-V-O-FSP,match,1,665
P025,item02,S-V-O-FSP,mismatch,1,668
P026,item03,FSP-S-V-O,match,1,483
P026,item03,FSP-S-V-O,mismatch,1,485
P026,item03,S-FSP-V-O,match,1,529
P026,item03,S-FSP-V-O,mismatch,1,684
P026,item03,S-V-FSP-O,match,1,666
P026,item03,S-V-FSP-O,mismatch,0,660
P026,item03,S-V-O-FSP,match,1,590
P026,item03,S-V-O-FSP,mismatch,1,654
P026,item04,FSP-S-V-O,match,1,693
P026,item04,FSP-S-V-O,mismatch,0,868
P026,item04,S-FSP-V-O,match,1,553
P026,item04,S-FSP-V-O,mismatch,0,690
P026,item04,S-V-FSP-O,match,1,591
P026,item04,S-V-FSP-O,mismatch,1,559
P026,item04,S-V-O-FSP,match,1,859
P026,item04,S-V-O-FSP,mismatch,0,987
P027,item05,FSP-S-V-O,match,1,490
P027,item05,FSP-S-V-O,mismatch,1,436
P027,item05,S-FSP-V-O,match,1,688
P027,item05,S-FSP-V-O,mismatch,1,884
P027,item05,S-V-FSP-O,match,1,646
P027,item05,S-V-FSP-O,mismatch,1,886
P027,item05,S-V-O-FSP,match,1,575
P027,item05,S-V-O-FSP,mismatch,1,1040
P027,item06,FSP-S-V-O,match,1,712
P027,item06,FSP-S-V-O,mismatch,1,1343
P027,item06,S-FSP-V-O,match,1,839
P027,item06,S-FSP-V-O,mismatch,1,889
P027,item06,S-V-FSP-O,match,1,984
P027,item06,S-V-FSP-O,mismatch,1,965
P027,item06,S-V-O-FSP,match,1,687
P027,item06,S-V-O-FSP,mismatch,1,746
P028,item07,FSP-S-V-O,match,1,757
P028,item07,FSP-S-V-O,mismatch,1,480
P028,item07,S-FSP-V-O,match,1,831
P028,item07,S-FSP-V-O,mismatch,0,1109
P028,item07,S-V-FSP-O,match,1,582
P028,item07,S-V-FSP-O,mismatch,1,498
P028,item07,S-V-O-FSP,match,1,508
P028,item07,S-V-O-FSP,mismatch,0,543
P028,item08,FSP-S-V-O,match,1,592
P028,item08,FSP-S-V-O,mismatch,1,531
P028,item08,S-FSP-V-O,match,1,548
P028,item08,S-FSP-V-O,mismatch,1,516
P028,item08,S-V-FSP-O,match,1,690
P028,item08,S-V-FSP-O,mismatch,1,552
P028,item08,S-V-O-FSP,match,1,699
P028,item08,S-V-O-FSP,mismatch,0,550
P029,item09,FSP-S-V-O,match,1,780
P029,item09,FSP-S-V-O,mismatch,1,963
P029,item09,S-FSP-V-O,match,1,837
P029,item09,S-FSP-V-O,mismatch,1,548
P029,item09,S-V-FSP-O,match,1,643
P029,item09,S-V-FSP-O,mismatch,1,829
P029,item09,S-V-O-FSP,match,1,748
P029,item09,S-V-O-FSP,mismatch,1,483
P029,item10,FSP-S-V-O,match,1,660
P029,item10,FSP-S-V-O,mismatch,1,706
P029,item10,S-FSP-V-O,match,1,867
P029,item10,S-FSP-V-O,mismatch,1,626
P029,item10,S-V-FSP-O,match,1,1250
P029,item10,S-V-FSP-O,mismatch,1,858
P029,item10,S-V-O-FSP,match,0,1154
P029,item10,S-V-O-FSP,mismatch,1,1089
P030,item11,FSP-S-V-O,match,1,681
P030,item11,FSP-S-V-O,mismatch,1,1026
P030,item11,S-FSP-V-O,match,1,761
P030,item11,S-FSP-V-O,mismatch,1,987
P030,item11,S-V-FSP-O,match,1,770
P030,item11,S-V-FSP-O,mismatch,1,833
P030,item11,S-V-O-FSP,match,1,753
P030,item11,S-V-O-FSP,mismatch,1,868
P030,item12,FSP-S-V-O,match,1,670
P030,item12,FSP-S-V-O,mismatch,1,870
P030,item12,S-FSP-V-O,match,1,804
P030,item12,S-FSP-V-O,mismatch,0,790
P030,item12,S-V-FSP-O,match,1,1088
P030,item12,S-V-FSP-O,mismatch,1,841
P030,item12,S-V-O-FSP,match,1,643
P030,item12,S-V-O-FSP,mismatch,1,1155
P031,item13,FSP-S-V-O,match,1,1225
P031,item13,FSP-S-V-O,mismatch,1,856
P031,item13,S-FSP-V-O,match,1,655
P031,item13,S-FSP-V-O,mismatch,1,848
P031,item13,S-V-FSP-O,match,1,565
P031,item13,S-V-FSP-O,mismatch,0,946
P031,item13,S-V-O-FSP,match,1,633
P031,item13,S-V-O-FSP,mismatch,1,647
P031,item14,FSP-S-V-O,match,1,749
P031,item14,FSP-S-V-O,mismatch,0,878
P031,item14,S-FSP-V-O,match,1,722
P031,item14,S-FSP-V-O,mismatch,1,650
P031,item14,S-V-FSP-O,match,1,581
P031,item14,S-V-FSP-O,mismatch,1,665
P031,item14,S-V-O-FSP,match,1,782
P031,item14,S-V-O-FSP,mismatch,1,459
P032,item15,FSP-S-V-O,match,1,382
P032,item15,FSP-S-V-O,mismatch,1,719
P032,item15,S-FSP-V-O,match,1,659
P032,item15,S-FSP-V-O,mismatch,1,711
P032,item15,S-V-FSP-O,match,1,832
P032,item15,S-V-FSP-O,mismatch,1,698
P032,item15,S-V-O-FSP,match,1,659
P032,item15,S-V-O-FSP,mismatch,1,733
P032,item16,FSP-S-V-O,match,1,487
P032,item16,FSP-S-V-O,mismatch,1,692
P032,item16,S-FSP-V-O,match,1,1125
P032,item16,S-FSP-V-O,mismatch,1,692
P032,item16,S-V-FSP-O,match,1,524
P032,item16,S-V-FSP-O,mismatch,1,766
P032,item16,S-V-O-FSP,match,1,683
P032,item16,S-V-O-FSP,mismatch,1,964
P033,item01,FSP-S-V-O,match,1,973
P033,item01,FSP-S-V-O,mismatch,1,890
P033,item01,S-FSP-V-O,match,1,1002
P033,item01,S-FSP-V-O,mismatch,1,638
P033,item01,S-V-FSP-O,match,1,711
P033,item01,S-V-FSP-O,mismatch,1,750
P033,item01,S-V-O-FSP,match,1,399
P033,item01,S-V-O-FSP,mismatch,1,1243
P033,item02,FSP-S-V-O,match,1,800
P033,item02,FSP-S-V-O,mismatch,1,924
P033,item02,S-FSP-V-O,match,1,565
P033,item02,S-FSP-V-O,mismatch,1,1142
P033,item02,S-V-FSP-O,match,1,929
P033,item02,S-V-FSP-O,mismatch,1,1186
P033,item02,S-V-O-FSP,match,1,943
P033,item02,S-V-O-FSP,mismatch,1,652
P034,item03,FSP-S-V-O,match,1,803
P034,item03,FSP-S-V-O,mismatch,1,1101
P034,item03,S-FSP-V-O,match,1,960
P034,item03,S-FSP-V-O,mismatch,1,715
P034,item03,S-V-FSP-O,match,1,509
P034,item03,S-V-FSP-O,mismatch,1,1232
P034,item03,S-V-O-FSP,match,1,1093
P034,item03,S-V-O-FSP,mismatch,1,816
P034,item04,FSP-S-V-O,match,1,702
P034,item04,FSP-S-V-O,mismatch,1,890
P034,item04,S-FSP-V-O,match,1,1152
P034,item04,S-FSP-V-O,mismatch,1,1328
P034,item04,S-V-FSP-O,match,1,607
P034,item04,S-V-FSP-O,mismatch,1,1160
P034,item04,S-V-O-FSP,match,1,887
P034,item04,S-V-O-FSP,mismatch,1,628
P035,item05,FSP-S-V-O,match,1,761
P035,item05,FSP-S-V-O,mismatch,1,1118
P035,item05,S-FSP-V-O,match,1,1014
P035,item05,S-FSP-V-O,mismatch,1,790
P035,item05,S-V-FSP-O,match,1,635
P035,item05,S-V-FSP-O,mismatch,1,725
P035,item05,S-V-O-FSP,match,1,478
P035,item05,S-V-O-FSP,mismatch,1,601
P035,item06,FSP-S-V-O,match,1,423
P035,item06,FSP-S-V-O,mismatch,0,805
P035,item06,S-FSP-V-O,match,1,858
P035,item06,S-FSP-V-O,mismatch,1,935
P035,item06,S-V-FSP-O,match,1,1203
P035,item06,S-V-FSP-O,mismatch,0,900
P035,item06,S-V-O-FSP,match,1,1014
P035,item06,S-V-O-FSP,mismatch,1,896
P036,item07,FSP-S-V-O,match,1,597
P036,item07,FSP-S-V-O,mismatch,1,956
P036,item07,S-FSP-V-O,match,1,765
P036,item07,S-FSP-V-O,mismatch,0,862
P036,item07,S-V-FSP-O,match,1,1038
P036,item07,S-V-FSP-O,mismatch,1,1199
P036,item07,S-V-O-FSP,match,1,931
P036,item07,S-V-O-FSP,mismatch,1,820
P036,item08,FSP-S-V-O,match,1,612
P036,item08,FSP-S-V-O,mismatch,1,995
P036,item08,S-FSP-V-O,match,1,692
P036,item08,S-FSP-V-O,mismatch,1,765
P036,item08,S-V-FSP-O,match,1,813
P036,item08,S-V-FSP-O,mismatch,1,832
P036,item08,S-V-O-FSP,match,1,1045
P036,item08,S-V-O-FSP,mismatch,0,1035
P037,item09,FSP-S-V-O,match,1,870
P037,item09,FSP-S-V-O,mismatch,1,1050
P037,item09,S-FSP-V-O,match,1,1111
P037,item09,S-FSP-V-O,mismatch,1,703
P037,item09,S-V-FSP-O,match,1,857
P037,item09,S-V-FSP-O,mismatch,1,870
P037,item09,S-V-O-FSP,match,1,654
P037,item09,S-V-O-FSP,mismatch,1,713
P037,item10,FSP-S-V-O,match,1,829
P037,item10,FSP-S-V-O,mismatch,1,658
P037,item10,S-FSP-V-O,match,1,1068
P037,item10,S-FSP-V-O,mismatch,1,1036
P037,item10,S-V-FSP-O,match,1,813
P037,item10,S-V-FSP-O,mismatch,1,705
P037,item10,S-V-O-FSP,match,1,910
P037,item10,S-V-O-FSP,mismatch,1,612
P038,item11,FSP-S-V-O,match,1,1009
P038,item11,FSP-S-V-O,mismatch,1,798
P038,item11,S-FSP-V-O,match,1,543
P038,item11,S-FSP-V-O,mismatch,1,932
P038,item11,S-V-FSP-O,match,1,659
P038,item11,S-V-FSP-O,mismatch,1,883
P038,item11,S-V-O-FSP,match,1,727
P038,item11,S-V-O-FSP,mismatch,1,1161
P038,item12,FSP-S-V-O,match,1,775
P038,item12,FSP-S-V-O,mismatch,1,1113
P038,item12,S-FSP-V-O,match,1,711
P038,item12,S-FSP-V-O,mismatch,0,653
P038,item12,S-V-FSP-O,match,1,777
P038,item12,S-V-FSP-O,mismatch,1,617
P038,item12,S-V-O-FSP,match,1,566
P038,item12,S-V-O-FSP,mismatch,1,903
P039,item13,FSP-S-V-O,match,1,722
P039,item13,FSP-S-V-O,mismatch,0,965
P039,item13,S-FSP-V-O,match,1,719
P039,item13,S-FSP-V-O,mismatch,1,698
P039,item13,S-V-FSP-O,match,0,803
P039,item13,S-V-FSP-O,mismatch,1,1415
P039,item13,S-V-O-FSP,match,1,560
P039,item13,S-V-O-FSP,mismatch,0,838
P039,item14,FSP-S-V-O,match,1,643
P039,item14,FSP-S-V-O,mismatch,1,544
P039,item14,S-FSP-V-O,match,1,618
P039,item14,S-FSP-V-O,mismatch,1,526
P039,item14,S-V-FSP-O,match,1,502
P039,item14,S-V-FSP-O,mismatch,1,1565
P039,item14,S-V-O-FSP,match,1,635
P039,item14,S-V-O-FSP,mismatch,1,778
P040,item15,FSP-S-V-O,match,1,976
P040,item15,FSP-S-V-O,mismatch,1,808
P040,item15,S-FSP-V-O,match,1,524
P040,item15,S-FSP-V-O,mismatch,1,694
P040,item15,S-V-FSP-O,match,1,865
P040,item15,S-V-FSP-O,mismatch,0,589
P040,item15,S-V-O-FSP,match,1,680
P040,item15,S-V-O-FSP,mismatch,1,526
P040,item16,FSP-S-V-O,match,1,498
P040,item16,FSP-S-V-O,mismatch,1,784
P040,item16,S-FSP-V-O,match,1,683
P040,item16,S-FSP-V-O,mismatch,1,1093
P040,item16,S-V-FSP-O,match,1,829
P040,item16,S-V-FSP-O,mismatch,1,782
P040,item16,S-V-O-FSP,match,1,844
P040,item16,S-V-O-FSP,mismatch,1,1064
P041,item01,FSP-S-V-O,match,1,675
P041,item01,FSP-S-V-O,mismatch,1,1001
P041,item01,S-FSP-V-O,match,1,632
P041,item01,S-FSP-V-O,mismatch,1,819
P041,item01,S-V-FSP-O,match,1,659
P041,item01,S-V-FSP-O,mismatch,1,853
P041,item01,S-V-O-FSP,match,1,730
P041,item01,S-V-O-FSP,mismatch,0,521
P041,item02,FSP-S-V-O,match,1,525
P041,item02,FSP-S-V-O,mismatch,1,836
P041,item02,S-FSP-V-O,match,1,896
P041,item02,S-FSP-V-O,mismatch,1,539
P041,item02,S-V-FSP-O,match,1,1013
P041,item02,S-V-FSP-O,mismatch,0,721
P041,item02,S-V-O-FSP,match,1,1063
P041,item02,S-V-O-FSP,mismatch,1,835
P042,item03,FSP-S-V-O,match,1,584
P042,item03,FSP-S-V-O,mismatch,0,961
P042,item03,S-FSP-V-O,match,1,942
P042,item03,S-FSP-V-O,mismatch,1,627
P042,item03,S-V-FSP-O,match,1,763
P042,item03,S-V-FSP-O,mismatch,1,596
P042,item03,S-V-O-FSP,match,1,688
P042,item03,S-V-O-FSP,mismatch,1,1278
P042,item04,FSP-S-V-O,match,1,599
P042,item04,FSP-S-V-O,mismatch,1,882
P042,item04,S-FSP-V-O,match,1,634
P042,item04,S-FSP-V-O,mismatch,1,853
P042,item04,S-V-FSP-O,match,1,743
P042,item04,S-V-FSP-O,mismatch,1,765
P042,item04,S-V-O-FSP,match,1,852
P042,item04,S-V-O-FSP,mismatch,0,910
P043,item05,FSP-S-V-O,match,1,772
P043,item05,FSP-S-V-O,mismatch,1,728
P043,item05,S-FSP-V-O,match,1,820
P043,item05,S-FSP-V-O,mismatch,1,668
P043,item05,S-V-FSP-O,match,1,783
P043,item05,S-V-FSP-O,mismatch,1,846
P043,item05,S-V-O-FSP,match,1,620
P043,item05,S-V-O-FSP,mismatch,1,504
P043,item06,FSP-S-V-O,match,1,662
P043,item06,FSP-S-V-O,mismatch,1,793
P043,item06,S-FSP-V-O,match,1,901
P043,item06,S-FSP-V-O,mismatch,1,769
P043,item06,S-V-FSP-O,match,1,996
P043,item06,S-V-FSP-O,mismatch,1,638
P043,item06,S-V-O-FSP,match,1,938
P043,item06,S-V-O-FSP,mismatch,1,879
P044,item07,FSP-S-V-O,match,1,384
P044,item07,FSP-S-V-O,mismatch,0,738
P044,item07,S-FSP-V-O,match,1,652
P044,item07,S-FSP-V-O,mismatch,1,633
P044,item07,S-V-FSP-O,match,1,684
P044,item07,S-V-FSP-O,mismatch,0,986
P044,item07,S-V-O-FSP,match,1,741
P044,item07,S-V-O-FSP,mismatch,1,705
P044,item08,FSP-S-V-O,match,1,588
P044,item08,FSP-S-V-O,mismatch,1,535
P044,item08,S-FSP-V-O,match,1,666
P044,item08,S-FSP-V-O,mismatch,1,753
P044,item08,S-V-FSP-O,match,1,561
P044,item08,S-V-FSP-O,mismatch,1,371
P044,item08,S-V-O-FSP,match,1,565
P044,item08,S-V-O-FSP,mismatch,1,671
P045,item09,FSP-S-V-O,match,1,692
P045,item09,FSP-S-V-O,mismatch,1,945
P045,item09,S-FSP-V-O,match,1,840
P045,item09,S-FSP-V-O,mismatch,1,614
P045,item09,S-V-FSP-O,match,1,964
P045,item09,S-V-FSP-O,mismatch,1,825
P045,item09,S-V-O-FSP,match,1,954
P045,item09,S-V-O-FSP,mismatch,1,559
P045,item10,FSP-S-V-O,match,1,843
P045,item10,FSP-S-V-O,mismatch,1,741
P045,item10,S-FSP-V-O,match,1,762
P045,item10,S-FSP-V-O,mismatch,1,702
P045,item10,S-V-FSP-O,match,1,871
P045,item10,S-V-FSP-O,mismatch,1,693
P045,item10,S-V-O-FSP,match,1,842
P045,item10,S-V-O-FSP,mismatch,1,614
P046,item11,FSP-S-V-O,match,1,557
P046,item11,FSP-S-V-O,mismatch,1,877
P046,item11,S-FSP-V-O,match,1,605
P046,item11,S-FSP-V-O,mismatch,1,904
P046,item11,S-V-FSP-O,match,1,868
P046,item11,S-V-FSP-O,mismatch,1,751
P046,item11,S-V-O-FSP,match,1,587
P046,item11,S-V-O-FSP,mismatch,1,784
P046,item12,FSP-S-V-O,match,1,804
P046,item12,FSP-S-V-O,mismatch,1,779
P046,item12,S-FSP-V-O,match,1,720
P046,item12,S-FSP-V-O,mismatch,0,583
P046,item12,S-V-FSP-O,match,1,679
P046,item12,S-V-FSP-O,mismatch,1,1340
P046,item12,S-V-O-FSP,match,1,695
P046,item12,S-V-O-FSP,mismatch,1,947
P047,item13,FSP-S-V-O,match,1,504
P047,item13,FSP-S-V-O,mismatch,1,837
P047,item13,S-FSP-V-O,match,1,526
P047,item13,S-FSP-V-O,mismatch,1,648
P047,item13,S-V-FSP-O,match,1,605
P047,item13,S-V-FSP-O,mismatch,1,867
P047,item13,S-V-O-FSP,match,1,649
P047,item13,S-V-O-FSP,mismatch,1,552
P047,item14,FSP-S-V-O,match,1,640
P047,item14,FSP-S-V-O,mismatch,1,595
P047,item14,S-FSP-V-O,match,1,450
P047,item14,S-FSP-V-O,mismatch,1,566
P047,item14,S-V-FSP-O,match,0,666
P047,item14,S-V-FSP-O,mismatch,1,757
P047,item14,S-V-O-FSP,match,1,769
P047,item14,S-V-O-FSP,mismatch,1,807
P048,item15,FSP-S-V-O,match,1,520
P048,item15,FSP-S-V-O,mismatch,1,461
P048,item15,S-FSP-V-O,match,1,598
P048,item15,S-FSP-V-O,mismatch,1,803
P048,item15,S-V-FSP-O,match,1,910
P048,item15,S-V-FSP-O,mismatch,1,593
P048,item15,S-V-O-FSP,match,1,721
P048,item15,S-V-O-FSP,mismatch,1,695
P048,item16,FSP-S-V-O,match,1,516
P048,item16,FSP-S-V-O,mismatch,1,759
P048,item16,S-FSP-V-O,match,1,573
P048,item16,S-FSP-V-O,mismatch,1,620
P048,item16,S-V-FSP-O,match,1,324
P048,item16,S-V-FSP-O,mismatch,1,823
P048,item16,S-V-O-FSP,match,1,657
P048,item16,S-V-O-FSP,mismatch,0,506
P049,item01,FSP-S-V-O,match,1,577
P049,item01,FSP-S-V-O,mismatch,1,757
P049,item01,S-FSP-V-O,match,1,770
P049,item01,S-FSP-V-O,mismatch,1,871
P049,item01,S-V-FSP-O,match,1,1067
P049,item01,S-V-FSP-O,mismatch,1,619
P049,item01,S-V-O-FSP,match,1,580
P049,item01,S-V-O-FSP,mismatch,1,802
P049,item02,FSP-S-V-O,match,1,1061
P049,item02,FSP-S-V-O,mismatch,1,1005
P049,item02,S-FSP-V-O,match,1,808
P049,item02,S-FSP-V-O,mismatch,1,903
P049,item02,S-V-FSP-O,match,1,869
P049,item02,S-V-FSP-O,mismatch,1,881
P049,item02,S-V-O-FSP,match,1,743
P049,item02,S-V-O-FSP,mismatch,0,693
P050,item03,FSP-S-V-O,match,1,794
P050,item03,FSP-S-V-O,mismatch,1,726
P050,item03,S-FSP-V-O,match,1,765
P050,item03,S-FSP-V-O,mismatch,1,910
P050,item03,S-V-FSP-O,match,1,742
P050,item03,S-V-FSP-O,mismatch,1,1133
P050,item03,S-V-O-FSP,match,1,1027
P050,item03,S-V-O-FSP,mismatch,1,986
P050,item04,FSP-S-V-O,match,1,1010
P050,item04,FSP-S-V-O,mismatch,1,911
P050,item04,S-FSP-V-O,match,1,915
P050,item04,S-FSP-V-O,mismatch,1,1070
P050,item04,S-V-FSP-O,match,1,852
P050,item04,S-V-FSP-O,mismatch,1,840
P050,item04,S-V-O-FSP,match,1,511
P050,item04,S-V-O-FSP,mismatch,1,842
P051,item05,FSP-S-V-O,match,1,1049
P051,item05,FSP-S-V-O,mismatch,1,637
P051,item05,S-FSP-V-O,match,1,603
P051,item05,S-FSP-V-O,mismatch,0,738
P051,item05,S-V-FSP-O,match,1,621
P051,item05,S-V-FSP-O,mismatch,1,863
P051,item05,S-V-O-FSP,match,1,574
P051,item05,S-V-O-FSP,mismatch,1,881
P051,item06,FSP-S-V-O,match,1,670
P051,item06,FSP-S-V-O,mismatch,0,1013
P051,item06,S-FSP-V-O,match,1,646
P051,item06,S-FSP-V-O,mismatch,0,921
P051,item06,S-V-FSP-O,match,1,488
P051,item06,S-V-FSP-O,mismatch,1,701
P051,item06,S-V-O-FSP,match,1,774
P051,item06,S-V-O-FSP,mismatch,1,791
P052,item07,FSP-S-V-O,match,1,509
P052,item07,FSP-S-V-O,mismatch,1,516
P052,item07,S-FSP-V-O,match,1,1051
P052,item07,S-FSP-V-O,mismatch,1,918
P052,item07,S-V-FSP-O,match,1,676
P052,item07,S-V-FSP-O,mismatch,1,570
P052,item07,S-V-O-FSP,match,1,628
P052,item07,S-V-O-FSP,mismatch,0,678
P052,item08,FSP-S-V-O,match,1,393
P052,item08,FSP-S-V-O,mismatch,1,599
P052,item08,S-FSP-V-O,match,1,443
P052,item08,S-FSP-V-O,mismatch,1,670
P052,item08,S-V-FSP-O,match,0,730
P052,item08,S-V-FSP-O,mismatch,0,783
P052,item08,S-V-O-FSP,match,1,794
P052,item08,S-V-O-FSP,mismatch,1,779
P053,item09,FSP-S-V-O,match,1,571
P053,item09,FSP-S-V-O,mismatch,1,739
P053,item09,S-FSP-V-O,match,1,897
P053,item09,S-FSP-V-O,mismatch,0,939
P053,item09,S-V-FSP-O,match,1,849
P053,item09,S-V-FSP-O,mismatch,0,1090
P053,item09,S-V-O-FSP,match,1,857
P053,item09,S-V-O-FSP,mismatch,1,1288
P053,item10,FSP-S-V-O,match,1,685
P053,item10,FSP-S-V-O,mismatch,1,680
P053,item10,S-FSP-V-O,match,1,915
P053,item10,S-FSP-V-O,mismatch,1,779
P053,item10,S-V-FSP-O,match,1,1020
P053,item10,S-V-FSP-O,mismatch,1,735
P053,item10,S-V-O-FSP,match,1,591
P053,item10,S-V-O-FSP,mismatch,1,1102
P054,item11,FSP-S-V-O,match,1,777
P054,item11,FSP-S-V-O,mismatch,1,875
P054,item11,S-FSP-V-O,match,1,700
P054,item11,S-FSP-V-O,mismatch,1,774
P054,item11,S-V-FSP-O,match,1,1088
P054,item11,S-V-FSP-O,mismatch,0,817
P054,item11,S-V-O-FSP,match,1,772
P054,item11,S-V-O-FSP,mismatch,1,998
P054,item12,FSP-S-V-O,match,1,596
P054,item12,FSP-S-V-O,mismatch,1,908
P054,item12,S-FSP-V-O,match,1,679
P054,item12,S-FSP-V-O,mismatch,1,726
P054,item12,S-V-FSP-O,match,1,708
P054,item12,S-V-FSP-O,mismatch,1,857
P054,item12,S-V-O-FSP,match,1,488
P054,item12,S-V-O-FSP,mismatch,1,832
P055,item13,FSP-S-V-O,match,1,651
P055,item13,FSP-S-V-O,mismatch,1,580
P055,item13,S-FSP-V-O,match,1,888
P055,item13,S-FSP-V-O,mismatch,1,1131
P055,item13,S-V-FSP-O,match,1,681
P055,item13,S-V-FSP-O,mismatch,1,1121
P055,item13,S-V-O-FSP,match,1,701
P055,item13,S-V-O-FSP,mismatch,1,1355
P055,item14,FSP-S-V-O,match,0,699
P055,item14,FSP-S-V-O,mismatch,1,573
P055,item14,S-FSP-V-O,match,1,803
P055,item14,S-FSP-V-O,mismatch,1,1139
P055,item14,S-V-FSP-O,match,1,501
P055,item14,S-V-FSP-O,mismatch,1,1367
P055,item14,S-V-O-FSP,match,1,718
P055,item14,S-V-O-FSP,mismatch,1,816
P056,item15,FSP-S-V-O,match,1,683
P056,item15,FSP-S-V-O,mismatch,1,762
P056,item15,S-FSP-V-O,match,1,1053
P056,item15,S-FSP-V-O,mismatch,1,942
P056,item15,S-V-FSP-O,match,1,616
P056,item15,S-V-FSP-O,mismatch,1,738
P056,item15,S-V-O-FSP,match,1,643
P056,item15,S-V-O-FSP,mismatch,0,786
P056,item16,FSP-S-V-O,match,1,490
P056,item16,FSP-S-V-O,mismatch,0,483
P056,item16,S-FSP-V-O,match,1,752
P056,item16,S-FSP-V-O,mismatch,1,1023
P056,item16,S-V-FSP-O,match,1,904
P056,item16,S-V-FSP-O,mismatch,1,826
P056,item16,S-V-O-FSP,match,1,698
P056,item16,S-V-O-FSP,mismatch,1,826
P057,item01,FSP-S-V-O,match,1,697
P057,item01,FSP-S-V-O,mismatch,1,561
P057,item01,S-FSP-V-O,match,0,772
P057,item01,S-FSP-V-O,mismatch,1,883
P057,item01,S-V-FSP-O,match,0,710
P057,item01,S-V-FSP-O,mismatch,1,581
P057,item01,S-V-O-FSP,match,1,739
P057,item01,S-V-O-FSP,mismatch,1,801
P057,item02,FSP-S-V-O,match,1,493
P057,item02,FSP-S-V-O,mismatch,1,1383
P057,item02,S-FSP-V-O,match,1,640
P057,item02,S-FSP-V-O,mismatch,1,662
P057,item02,S-V-FSP-O,match,1,993
P057,item02,S-V-FSP-O,mismatch,0,524
P057,item02,S-V-O-FSP,match,1,775
P057,item02,S-V-O-FSP,mismatch,1,840
P058,item03,FSP-S-V-O,match,1,695
P058,item03,FSP-S-V-O,mismatch,1,3870
P058,item03,S-FSP-V-O,match,1,1365
P058,item03,S-FSP-V-O,mismatch,1,977
P058,item03,S-V-FSP-O,match,1,794
P058,item03,S-V-FSP-O,mismatch,0,1189
P058,item03,S-V-O-FSP,match,1,982
P058,item03,S-V-O-FSP,mismatch,1,1123
P058,item04,FSP-S-V-O,match,1,2822
P058,item04,FSP-S-V-O,mismatch,1,4809
P058,item04,S-FSP-V-O,match,1,983
P058,item04,S-FSP-V-O,mismatch,1,1065
P058,item04,S-V-FSP-O,match,1,894
P058,item04,S-V-FSP-O,mismatch,0,4354
P058,item04,S-V-O-FSP,match,1,2058
P058,item04,S-V-O-FSP,mismatch,1,816
P059,item05,FSP-S-V-O,match,1,647
P059,item05,FSP-S-V-O,mismatch,1,1027
P059,item05,S-FSP-V-O,match,1,798
P059,item05,S-FSP-V-O,mismatch,0,1078
P059,item05,S-V-FSP-O,match,1,885
P059,item05,S-V-FSP-O,mismatch,1,1188
P059,item05,S-V-O-FSP,match,1,721
P059,item05,S-V-O-FSP,mismatch,1,884
P059,item06,FSP-S-V-O,match,1,603
P059,item06,FSP-S-V-O,mismatch,1,1146
P059,item06,S-FSP-V-O,match,1,718
P059,item06,S-FSP-V-O,mismatch,1,931
P059,item06,S-V-FSP-O,match,1,675
P059,item06,S-V-FSP-O,mismatch,1,1417
P059,item06,S-V-O-FSP,match,1,731
P059,item06,S-V-O-FSP,mismatch,1,667
P060,item07,FSP-S-V-O,match,1,641
P060,item07,FSP-S-V-O,mismatch,1,578
P060,item07,S-FSP-V-O,match,1,479
P060,item07,S-FSP-V-O,mismatch,1,1216
P060,item07,S-V-FSP-O,match,1,785
P060,item07,S-V-FSP-O,mismatch,1,885
P060,item07,S-V-O-FSP,match,1,506
P060,item07,S-V-O-FSP,mismatch,1,970
P060,item08,FSP-S-V-O,match,1,716
P060,item08,FSP-S-V-O,mismatch,0,830
P060,item08,S-FSP-V-O,match,1,658
P060,item08,S-FSP-V-O,mismatch,1,911
P060,item08,S-V-FSP-O,match,0,1276
P060,item08,S-V-FSP-O,mismatch,1,1014
P060,item08,S-V-O-FSP,match,1,716
P060,item08,S-V-O-FSP,mismatch,1,564
P061,item09,FSP-S-V-O,match,1,697
P061,item09,FSP-S-V-O,mismatch,1,782
P061,item09,S-FSP-V-O,match,1,670
P061,item09,S-FSP-V-O,mismatch,1,788
P061,item09,S-V-FSP-O,match,1,682
P061,item09,S-V-FSP-O,mismatch,1,872
P061,item09,S-V-O-FSP,match,1,714
P061,item09,S-V-O-FSP,mismatch,1,851
P061,item10,FSP-S-V-O,match,1,669
P061,item10,FSP-S-V-O,mismatch,1,879
P061,item10,S-FSP-V-O,match,1,905
P061,item10,S-FSP-V-O,mismatch,1,830
P061,item10,S-V-FSP-O,match,1,994
P061,item10,S-V-FSP-O,mismatch,1,809
P061,item10,S-V-O-FSP,match,1,764
P061,item10,S-V-O-FSP,mismatch,1,1179
P062,item11,FSP-S-V-O,match,1,504
P062,item11,FSP-S-V-O,mismatch,0,903
P062,item11,S-FSP-V-O,match,1,498
P062,item11,S-FSP-V-O,mismatch,0,865
P062,item11,S-V-FSP-O,match,1,740
P062,item11,S-V-FSP-O,mismatch,0,727
P062,item11,S-V-O-FSP,match,1,620
P062,item11,S-V-O-FSP,mismatch,0,925
P062,item12,FSP-S-V-O,match,1,746
P062,item12,FSP-S-V-O,mismatch,1,1009
P062,item12,S-FSP-V-O,match,1,434
P062,item12,S-FSP-V-O,mismatch,1,599
P062,item12,S-V-FSP-O,match,1,657
P062,item12,S-V-FSP-O,mismatch,1,801
P062,item12,S-V-O-FSP,match,1,417
P062,item12,S-V-O-FSP,mismatch,1,1229
P063,item13,FSP-S-V-O,match,1,453
P063,item13,FSP-S-V-O,mismatch,1,763
P063,item13,S-FSP-V-O,match,1,645
P063,item13,S-FSP-V-O,mismatch,1,896
P063,item13,S-V-FSP-O,match,1,583
P063,item13,S-V-FSP-O,mismatch,1,920
P063,item13,S-V-O-FSP,match,1,589
P063,item13,S-V-O-FSP,mismatch,1,803
P063,item14,FSP-S-V-O,match,1,524
P063,item14,FSP-S-V-O,mismatch,0,724
P063,item14,S-FSP-V-O,match,1,632
P063,item14,S-FSP-V-O,mismatch,1,657
P063,item14,S-V-FSP-O,match,1,873
P063,item14,S-V-FSP-O,mismatch,0,897
P063,item14,S-V-O-FSP,match,1,684
P063,item14,S-V-O-FSP,mismatch,0,738
P064,item15,FSP-S-V-O,match,1,694
P064,item15,FSP-S-V-O,mismatch,1,780
P064,item15,S-FSP-V-O,match,1,856
P064,item15,S-FSP-V-O,mismatch,1,605
P064,item15,S-V-FSP-O,match,1,887
P064,item15,S-V-FSP-O,mismatch,0,966
P064,item15,S-V-O-FSP,match,1,799
P064,item15,S-V-O-FSP,mismatch,1,1168
P064,item16,FSP-S-V-O,match,1,635
P064,item16,FSP-S-V-O,mismatch,1,1139
P064,item16,S-FSP-V-O,match,1,846
P064,item16,S-FSP-V-O,mismatch,1,1211
P064,item16,S-V-FSP-O,match,1,853
P064,item16,S-V-FSP-O,mismatch,1,499
P064,item16,S-V-O-FSP,match,1,591
P064,item16,S-V-O-FSP,mismatch,1,813
P065,item01,FSP-S-V-O,match,1,608
P065,item01,FSP-S-V-O,mismatch,1,857
P065,item01,S-FSP-V-O,match,1,806
P065,item01,S-FSP-V-O,mismatch,1,1242
P065,item01,S-V-FSP-O,match,1,862
P065,item01,S-V-FSP-O,mismatch,0,825
P065,item01,S-V-O-FSP,match,1,475
P065,item01,S-V-O-FSP,mismatch,1,803
P065,item02,FSP-S-V-O,match,1,676
P065,item02,FSP-S-V-O,mismatch,1,813
P065,item02,S-FSP-V-O,match,1,720
P065,item02,S-FSP-V-O,mismatch,1,1163
P065,item02,S-V-FSP-O,match,1,931
P065,item02,S-V-FSP-O,mismatch,1,810
P065,item02,S-V-O-FSP,match,1,693
P065,item02,S-V-O-FSP,mismatch,1,857
P066,item03,FSP-S-V-O,match,1,701
P066,item03,FSP-S-V-O,mismatch,1,592
P066,item03,S-FSP-V-O,match,1,688
P066,item03,S-FSP-V-O,mismatch,1,802
P066,item03,S-V-FSP-O,match,1,509
P066,item03,S-V-FSP-O,mismatch,1,942
P066,item03,S-V-O-FSP,match,1,544
P066,item03,S-V-O-FSP,mismatch,1,1230
P066,item04,FSP-S-V-O,match,1,798
P066,item04,FSP-S-V-O,mismatch,0,635
P066,item04,S-FSP-V-O,match,1,930
P066,item04,S-FSP-V-O,mismatch,1,846
P066,item04,S-V-FSP-O,match,1,976
P066,item04,S-V-FSP-O,mismatch,1,1056
P066,item04,S-V-O-FSP,match,1,501
P066,item04,S-V-O-FSP,mismatch,1,597
P067,item05,FSP-S-V-O,match,1,639
P067,item05,FSP-S-V-O,mismatch,1,803
P067,item05,S-FSP-V-O,match,0,612
P067,item05,S-FSP-V-O,mismatch,1,1032
P067,item05,S-V-FSP-O,match,1,555
P067,item05,S-V-FSP-O,mismatch,1,911
P067,item05,S-V-O-FSP,match,1,729
P067,item05,S-V-O-FSP,mismatch,1,767
P067,item06,FSP-S-V-O,match,1,666
P067,item06,FSP-S-V-O,mismatch,1,695
P067,item06,S-FSP-V-O,match,1,946
P067,item06,S-FSP-V-O,mismatch,1,816
P067,item06,S-V-FSP-O,match,1,819
P067,item06,S-V-FSP-O,mismatch,1,988
P067,item06,S-V-O-FSP,match,1,686
P067,item06,S-V-O-FSP,mismatch,1,988
P068,item07,FSP-S-V-O,match,1,1010
P068,item07,FSP-S-V-O,mismatch,1,1144
P068,item07,S-FSP-V-O,match,1,607
P068,item07,S-FSP-V-O,mismatch,1,846
P068,item07,S-V-FSP-O,match,1,885
P068,item07,S-V-FSP-O,mismatch,1,976
P068,item07,S-V-O-FSP,match,1,760
P068,item07,S-V-O-FSP,mismatch,1,908
P068,item08,FSP-S-V-O,match,1,844
P068,item08,FSP-S-V-O,mismatch,0,615
P068,item08,S-FSP-V-O,match,1,799
P068,item08,S-FSP-V-O,mismatch,1,789
P068,item08,S-V-FSP-O,match,1,519
P068,item08,S-V-FSP-O,mismatch,1,860
P068,item08,S-V-O-FSP,match,1,738
P068,item08,S-V-O-FSP,mismatch,1,882
P069,item09,FSP-S-V-O,match,1,708
P069,item09,FSP-S-V-O,mismatch,1,991
P069,item09,S-FSP-V-O,match,1,769
P069,item09,S-FSP-V-O,mismatch,1,1114
P069,item09,S-V-FSP-O,match,1,538
P069,item09,S-V-FSP-O,mismatch,0,713
P069,item09,S-V-O-FSP,match,1,784
P069,item09,S-V-O-FSP,mismatch,0,890
P069,item10,FSP-S-V-O,match,1,598
P069,item10,FSP-S-V-O,mismatch,1,909
P069,item10,S-FSP-V-O,match,1,718
P069,item10,S-FSP-V-O,mismatch,1,670
P069,item10,S-V-FSP-O,match,1,396
P069,item10,S-V-FSP-O,mismatch,1,759
P069,item10,S-V-O-FSP,match,0,736
P069,item10,S-V-O-FSP,mismatch,1,624
P070,item11,FSP-S-V-O,match,1,678
P070,item11,FSP-S-V-O,mismatch,1,514
P070,item11,S-FSP-V-O,match,1,802
P070,item11,S-FSP-V-O,mismatch,1,573
P070,item11,S-V-FSP-O,match,1,828
P070,item11,S-V-FSP-O,mismatch,1,729
P070,item11,S-V-O-FSP,match,1,795
P070,item11,S-V-O-FSP,mismatch,1,607
P070,item12,FSP-S-V-O,match,1,566
P070,item12,FSP-S-V-O,mismatch,1,774
P070,item12,S-FSP-V-O,match,1,717
P070,item12,S-FSP-V-O,mismatch,1,603
P070,item12,S-V-FSP-O,match,1,891
P070,item12,S-V-FSP-O,mismatch,0,782
P070,item12,S-V-O-FSP,match,1,569
P070,item12,S-V-O-FSP,mismatch,1,673
P071,item13,FSP-S-V-O,match,1,1173
P071,item13,FSP-S-V-O,mismatch,1,1025
P071,item13,S-FSP-V-O,match,1,679
P071,item13,S-FSP-V-O,mismatch,1,997
P071,item13,S-V-FSP-O,match,1,1106
P071,item13,S-V-FSP-O,mismatch,1,1141
P071,item13,S-V-O-FSP,match,0,746
P071,item13,S-V-O-FSP,mismatch,1,1111
P071,item14,FSP-S-V-O,match,1,609
P071,item14,FSP-S-V-O,mismatch,1,548
P071,item14,S-FSP-V-O,match,1,649
P071,item14,S-FSP-V-O,mismatch,0,772
P071,item14,S-V-FSP-O,match,1,994
P071,item14,S-V-FSP-O,mismatch,1,963
P071,item14,S-V-O-FSP,match,1,747
P071,item14,S-V-O-FSP,mismatch,1,547
P072,item15,FSP-S-V-O,match,1,669
P072,item15,FSP-S-V-O,mismatch,1,415
P072,item15,S-FSP-V-O,match,1,601
P072,item15,S-FSP-V-O,mismatch,1,884
P072,item15,S-V-FSP-O,match,1,959
P072,item15,S-V-FSP-O,mismatch,0,596
P072,item15,S-V-O-FSP,match,1,582
P072,item15,S-V-O-FSP,mismatch,1,772
P072,item16,FSP-S-V-O,match,1,804
P072,item16,FSP-S-V-O,mismatch,1,584
P072,item16,S-FSP-V-O,match,1,689
P072,item16,S-FSP-V-O,mismatch,0,773
P072,item16,S-V-FSP-O,match,1,581
P072,item16,S-V-FSP-O,mismatch,0,620
P072,item16,S-V-O-FSP,match,1,577
P072,item16,S-V-O-FSP,mismatch,1,861
P073,item01,FSP-S-V-O,match,1,690
P073,item01,FSP-S-V-O,mismatch,1,785
P073,item01,S-FSP-V-O,match,1,940
P073,item01,S-FSP-V-O,mismatch,1,728
P073,item01,S-V-FSP-O,match,1,876
P073,item01,S-V-FSP-O,mismatch,0,1220
P073,item01,S-V-O-FSP,match,1,650
P073,item01,S-V-O-FSP,mismatch,1,935
P073,item02,FSP-S-V-O,match,1,662
P073,item02,FSP-S-V-O,mismatch,1,1141
P073,item02,S-FSP-V-O,match,1,672
P073,item02,S-FSP-V-O,mismatch,1,952
P073,item02,S-V-FSP-O,match,1,768
P073,item02,S-V-FSP-O,mismatch,1,1071
P073,item02,S-V-O-FSP,match,1,761
P073,item02,S-V-O-FSP,mismatch,1,1143
P074,item03,FSP-S-V-O,match,1,755
P074,item03,FSP-S-V-O,mismatch,1,576
P074,item03,S-FSP-V-O,match,1,561
P074,item03,S-FSP-V-O,mismatch,1,658
P074,item03,S-V-FSP-O,match,1,867
P074,item03,S-V-FSP-O,mismatch,1,862
P074,item03,S-V-O-FSP,match,1,596
P074,item03,S-V-O-FSP,mismatch,1,789
P074,item04,FSP-S-V-O,match,1,476
P074,item04,FSP-S-V-O,mismatch,0,858
P074,item04,S-FSP-V-O,match,1,815
P074,item04,S-FSP-V-O,mismatch,1,873
P074,item04,S-V-FSP-O,match,1,613
P074,item04,S-V-FSP-O,mismatch,1,1001
P074,item04,S-V-O-FSP,match,1,742
P074,item04,S-V-O-FSP,mismatch,1,766
P075,item05,FSP-S-V-O,match,1,728
P075,item05,FSP-S-V-O,mismatch,1,1013
P075,item05,S-FSP-V-O,match,1,692
P075,item05,S-FSP-V-O,mismatch,1,688
P075,item05,S-V-FSP-O,match,1,677
P075,item05,S-V-FSP-O,mismatch,0,1106
P075,item05,S-V-O-FSP,match,1,898
P075,item05,S-V-O-FSP,mismatch,1,798
P075,item06,FSP-S-V-O,match,1,696
P075,item06,FSP-S-V-O,mismatch,1,1302
P075,item06,S-FSP-V-O,match,1,980
P075,item06,S-FSP-V-O,mismatch,1,705
P075,item06,S-V-FSP-O,match,1,727
P075,item06,S-V-FSP-O,mismatch,1,1196
P075,item06,S-V-O-FSP,match,1,776
P075,item06,S-V-O-FSP,mismatch,1,900
P076,item07,FSP-S-V-O,match,1,743
P076,item07,FSP-S-V-O,mismatch,1,1089
P076,item07,S-FSP-V-O,match,1,439
P076,item07,S-FSP-V-O,mismatch,1,791
P076,item07,S-V-FSP-O,match,1,724
P076,item07,S-V-FSP-O,mismatch,1,681
P076,item07,S-V-O-FSP,match,1,1005
P076,item07,S-V-O-FSP,mismatch,1,580
P076,item08,FSP-S-V-O,match,1,767
P076,item08,FSP-S-V-O,mismatch,0,643
P076,item08,S-FSP-V-O,match,1,601
P076,item08,S-FSP-V-O,mismatch,0,677
P076,item08,S-V-FSP-O,match,1,628
P076,item08,S-V-FSP-O,mismatch,0,636
P076,item08,S-V-O-FSP,match,1,463
P076,item08,S-V-O-FSP,mismatch,1,749
P077,item09,FSP-S-V-O,match,1,893
P077,item09,FSP-S-V-O,mismatch,1,506
P077,item09,S-FSP-V-O,match,1,728
P077,item09,S-FSP-V-O,mismatch,1,886
P077,item09,S-V-FSP-O,match,1,646
P077,item09,S-V-FSP-O,mismatch,1,750
P077,item09,S-V-O-FSP,match,1,770
P077,item09,S-V-O-FSP,mismatch,1,636
P077,item10,FSP-S-V-O,match,1,1023
P077,item10,FSP-S-V-O,mismatch,1,987
P077,item10,S-FSP-V-O,match,0,935
P077,item10,S-FSP-V-O,mismatch,1,1164
P077,item10,S-V-FSP-O,match,1,706
P077,item10,S-V-FSP-O,mismatch,1,848
P077,item10,S-V-O-FSP,match,1,715
P077,item10,S-V-O-FSP,mismatch,1,1270
P078,item11,FSP-S-V-O,match,1,635
P078,item11,FSP-S-V-O,mismatch,0,722
P078,item11,S-FSP-V-O,match,1,737
P078,item11,S-FSP-V-O,mismatch,1,613
P078,item11,S-V-FSP-O,match,1,673
P078,item11,S-V-FSP-O,mismatch,1,919
P078,item11,S-V-O-FSP,match,1,507
P078,item11,S-V-O-FSP,mismatch,1,1222
P078,item12,FSP-S-V-O,match,1,573
P078,item12,FSP-S-V-O,mismatch,1,969
P078,item12,S-FSP-V-O,match,1,550
P078,item12,S-FSP-V-O,mismatch,0,760
P078,item12,S-V-FSP-O,match,1,957
P078,item12,S-V-FSP-O,mismatch,0,937
P078,item12,S-V-O-FSP,match,1,821
P078,item12,S-V-O-FSP,mismatch,1,818
P079,item13,FSP-S-V-O,match,1,543
P079,item13,FSP-S-V-O,mismatch,0,648
P079,item13,S-FSP-V-O,match,1,553
P079,item13,S-FSP-V-O,mismatch,0,740
P079,item13,S-V-FSP-O,match,1,986
P079,item13,S-V-FSP-O,mismatch,1,529
P079,item13,S-V-O-FSP,match,1,621
P079,item13,S-V-O-FSP,mismatch,1,696
P079,item14,FSP-S-V-O,match,1,1031
P079,item14,FSP-S-V-O,mismatch,0,400
P079,item14,S-FSP-V-O,match,1,445
P079,item14,S-FSP-V-O,mismatch,1,698
P079,item14,S-V-FSP-O,match,1,719
P079,item14,S-V-FSP-O,mismatch,1,1017
P079,item14,S-V-O-FSP,match,0,497
P079,item14,S-V-O-FSP,mismatch,1,823
P080,item15,FSP-S-V-O,match,1,747
P080,item15,FSP-S-V-O,mismatch,1,409
P080,item15,S-FSP-V-O,match,1,872
P080,item15,S-FSP-V-O,mismatch,0,650
P080,item15,S-V-FSP-O,match,1,743
P080,item15,S-V-FSP-O,mismatch,1,960
P080,item15,S-V-O-FSP,match,1,669
P080,item15,S-V-O-FSP,mismatch,1,546
P080,item16,FSP-S-V-O,match,1,376
P080,item16,FSP-S-V-O,mismatch,1,730
P080,item16,S-FSP-V-O,match,1,687
P080,item16,S-FSP-V-O,mismatch,0,726
P080,item16,S-V-FSP-O,match,1,508
P080,item16,S-V-FSP-O,mismatch,1,589
P080,item16,S-V-O-FSP,match,1,844
P080,item16,S-V-O-FSP,mismatch,1,785
P081,item01,FSP-S-V-O,match,0,541
P081,item01,FSP-S-V-O,mismatch,1,1081
P081,item01,S-FSP-V-O,match,1,665
P081,item01,S-FSP-V-O,mismatch,0,935
P081,item01,S-V-FSP-O,match,1,986
P081,item01,S-V-FSP-O,mismatch,1,692
P081,item01,S-V-O-FSP,match,1,757
P081,item01,S-V-O-FSP,mismatch,1,780
P081,item02,FSP-S-V-O,match,1,589
P081,item02,FSP-S-V-O,mismatch,1,717
P081,item02,S-FSP-V-O,match,1,594
P081,item02,S-FSP-V-O,mismatch,1,1340
P081,item02,S-V-FSP-O,match,0,945
P081,item02,S-V-FSP-O,mismatch,1,814
P081,item02,S-V-O-FSP,match,1,705
P081,item02,S-V-O-FSP,mismatch,1,706
P082,item03,FSP-S-V-O,match,1,836
P082,item03,FSP-S-V-O,mismatch,1,431
P082,item03,S-FSP-V-O,match,1,475
P082,item03,S-FSP-V-O,mismatch,1,1008
P082,item03,S-V-FSP-O,match,1,795
P082,item03,S-V-FSP-O,mismatch,1,768
P082,item03,S-V-O-FSP,match,1,799
P082,item03,S-V-O-FSP,mismatch,1,863
P082,item04,FSP-S-V-O,match,1,609
P082,item04,FSP-S-V-O,mismatch,1,898
P082,item04,S-FSP-V-O,match,1,698
P082,item04,S-FSP-V-O,mismatch,1,663
P082,item04,S-V-FSP-O,match,1,967
P082,item04,S-V-FSP-O,mismatch,0,1234
P082,item04,S-V-O-FSP,match,1,958
P082,item04,S-V-O-FSP,mismatch,1,814
P083,item05,FSP-S-V-O,match,1,548
P083,item05,FSP-S-V-O,mismatch,1,546
P083,item05,S-FSP-V-O,match,1,357
P083,item05,S-FSP-V-O,mismatch,1,751
P083,item05,S-V-FSP-O,match,1,624
P083,item05,S-V-FSP-O,mismatch,1,779
P083,item05,S-V-O-FSP,match,1,601
P083,item05,S-V-O-FSP,mismatch,1,671
P083,item06,FSP-S-V-O,match,1,699
P083,item06,FSP-S-V-O,mismatch,1,688
P083,item06,S-FSP-V-O,match,1,1060
P083,item06,S-FSP-V-O,mismatch,1,695
P083,item06,S-V-FSP-O,match,1,837
P083,item06,S-V-FSP-O,mismatch,1,1217
P083,item06,S-V-O-FSP,match,1,672
P083,item06,S-V-O-FSP,mismatch,1,610
